
USE BellEquipment

PRINT ''
PRINT 'INSERT INTO >> Roles'
SET IDENTITY_INSERT BellEquipment.dbo.Roles ON
INSERT INTO BellEquipment.dbo.Roles (ID, Name) VALUES 
(1, 'Admin'),
(2, 'Manager'),
(3, 'User')
SET IDENTITY_INSERT BellEquipment.dbo.Roles OFF

PRINT ''
PRINT 'INSERT INTO >> UserRoles'
INSERT INTO BellEquipment.dbo.UserRoles (UserId, RoleId)
(SELECT Id AS [UserId], 1 as [RoleId] FROM AspNetUsers)

PRINT ''
PRINT 'INSERT INTO >> Dealers'
INSERT INTO BellEquipment.dbo.Dealers (Name, MobileNumber, Email) VALUES 
('Bell Equipment FTA', '0825628415', 'Vincent@mashlab.co.za')

PRINT ''
PRINT 'INSERT INTO >> Branch'
INSERT INTO BellEquipment.dbo.Branch (Name) VALUES 
('General')

PRINT ''
PRINT 'INSERT INTO Linking >> UserBranch'
INSERT INTO BellEquipment.dbo.UserBranch (UserId, BranchId) 
(SELECT Id AS [UserId], 1 as [RoleId] FROM AspNetUsers)

PRINT ''
PRINT 'INSERT INTO Linking >> DealerBranch'
INSERT INTO BellEquipment.dbo.DealerBranch (DealersId, BranchId) VALUES 
(1, 1)

PRINT ''
PRINT 'INSERT INTO >> ModelsCategory'
INSERT INTO BellEquipment.dbo.ModelsCategory(Title) VALUES 
('ADT'),
('ADT LOW PROFILE'),
('ADT SLAGPOT'),
('ADT SPECIALS'),
('ADT TANKER'),
('ADT TIMBER'),
('ARTIC HAULER'),
('ATL'),
('BAE SPECIALS'),
('COMPACTOR'),
('CRUSHER'),
('DOZER'),
('Excavator'),
('EXCAVATOR'),
('FEL'),
('FELLER'),
('FORESTRY'),
('FORKLIFT'),
('FORWARDER'),
('GRADER'),
('HARVESTER'),
('HEAD'),
('LOADER'),
('PLANER'),
('PLATE'),
('RIGID HAULER'),
('Rigid Tipper'),
('ROLLER'),
('SCRAPER'),
('SCREEN'),
('SKID STEER'),
('SKIDDER'),
('SPREADER'),
('TAMPER'),
('TLB'),
('TRAILER'),
('TRI LOADER'),
('UTILITY')

PRINT ''
PRINT 'INSERT INTO >> Models'
INSERT INTO BellEquipment.dbo.Models(ModelsCategoryId, Title) VALUES 
((SELECT TOP 1 id FROM BellEquipment.dbo.ModelsCategory WHERE title ='ADT'), 'B20D POWERHEAD'),
((SELECT TOP 1 id FROM BellEquipment.dbo.ModelsCategory WHERE title ='ADT'), 'B17C 6X6 SELF LOADER'),
((SELECT TOP 1 id FROM BellEquipment.dbo.ModelsCategory WHERE title ='ADT'), 'B40D 6X4'),
((SELECT TOP 1 id FROM BellEquipment.dbo.ModelsCategory WHERE title ='ADT'), 'PARTS WARRANTY - DAT'),
((SELECT TOP 1 id FROM BellEquipment.dbo.ModelsCategory WHERE title ='ADT'), 'B25D 6X6'),
((SELECT TOP 1 id FROM BellEquipment.dbo.ModelsCategory WHERE title ='ADT'), 'B15D 4X2'),
((SELECT TOP 1 id FROM BellEquipment.dbo.ModelsCategory WHERE title ='ADT'), 'B16B 6X2 COAL DUMPER'),
((SELECT TOP 1 id FROM BellEquipment.dbo.ModelsCategory WHERE title ='ADT'), 'B30E 6X6 KIT'),
((SELECT TOP 1 id FROM BellEquipment.dbo.ModelsCategory WHERE title ='ADT'), 'PARTS WARRANTY - BAT'),
((SELECT TOP 1 id FROM BellEquipment.dbo.ModelsCategory WHERE title ='ADT'), 'B30E 4X4 SCR'),
((SELECT TOP 1 id FROM BellEquipment.dbo.ModelsCategory WHERE title ='ADT'), 'B18A 6X4 SUPER TRUCK'),
((SELECT TOP 1 id FROM BellEquipment.dbo.ModelsCategory WHERE title ='ADT'), 'B50E 6X6 KIT'),
((SELECT TOP 1 id FROM BellEquipment.dbo.ModelsCategory WHERE title ='ADT'), 'B25E 6X6 KIT'),
((SELECT TOP 1 id FROM BellEquipment.dbo.ModelsCategory WHERE title ='ADT'), 'B40C 6X6'),
((SELECT TOP 1 id FROM BellEquipment.dbo.ModelsCategory WHERE title ='ADT'), 'B20A'),
((SELECT TOP 1 id FROM BellEquipment.dbo.ModelsCategory WHERE title ='ADT'), 'B30B 6X4'),
((SELECT TOP 1 id FROM BellEquipment.dbo.ModelsCategory WHERE title ='ADT'), 'B25D 6X6 NARROW EURO'),
((SELECT TOP 1 id FROM BellEquipment.dbo.ModelsCategory WHERE title ='ADT'), 'B30C 6X6'),
((SELECT TOP 1 id FROM BellEquipment.dbo.ModelsCategory WHERE title ='ADT'), 'B25B 6X4'),
((SELECT TOP 1 id FROM BellEquipment.dbo.ModelsCategory WHERE title ='ADT'), 'B25C 6X6'),
((SELECT TOP 1 id FROM BellEquipment.dbo.ModelsCategory WHERE title ='ADT'), 'B50D 6X6 EURO'),
((SELECT TOP 1 id FROM BellEquipment.dbo.ModelsCategory WHERE title ='ADT'), 'B35D 6X6 WDB EURO'),
((SELECT TOP 1 id FROM BellEquipment.dbo.ModelsCategory WHERE title ='ADT'), 'B25A  270 6X6 MOUNTAIN TRUCK'),
((SELECT TOP 1 id FROM BellEquipment.dbo.ModelsCategory WHERE title ='ADT'), 'B45E 6X6'),
((SELECT TOP 1 id FROM BellEquipment.dbo.ModelsCategory WHERE title ='ADT'), 'B20B 6X4'),
((SELECT TOP 1 id FROM BellEquipment.dbo.ModelsCategory WHERE title ='ADT'), 'B25B 6X6'),
((SELECT TOP 1 id FROM BellEquipment.dbo.ModelsCategory WHERE title ='ADT'), 'B25E 6X6'),
((SELECT TOP 1 id FROM BellEquipment.dbo.ModelsCategory WHERE title ='ADT'), 'B25C 6X4'),
((SELECT TOP 1 id FROM BellEquipment.dbo.ModelsCategory WHERE title ='ADT'), 'B25E 6X4'),
((SELECT TOP 1 id FROM BellEquipment.dbo.ModelsCategory WHERE title ='ADT'), 'B20E 6X4'),
((SELECT TOP 1 id FROM BellEquipment.dbo.ModelsCategory WHERE title ='ADT'), 'B20C 6X6'),
((SELECT TOP 1 id FROM BellEquipment.dbo.ModelsCategory WHERE title ='ADT'), 'B35B 6X6'),
((SELECT TOP 1 id FROM BellEquipment.dbo.ModelsCategory WHERE title ='ADT'), 'B17C 6X6'),
((SELECT TOP 1 id FROM BellEquipment.dbo.ModelsCategory WHERE title ='ADT'), 'B17B 6X4'),
((SELECT TOP 1 id FROM BellEquipment.dbo.ModelsCategory WHERE title ='ADT'), 'B45E 6X6 KIT '),
((SELECT TOP 1 id FROM BellEquipment.dbo.ModelsCategory WHERE title ='ADT'), 'B30B COAL TRUCK'),
((SELECT TOP 1 id FROM BellEquipment.dbo.ModelsCategory WHERE title ='ADT'), 'B18A 4X4'),
((SELECT TOP 1 id FROM BellEquipment.dbo.ModelsCategory WHERE title ='ADT'), 'B18/30D COAL HAULER'),
((SELECT TOP 1 id FROM BellEquipment.dbo.ModelsCategory WHERE title ='ADT'), 'B35E 6X6 WDB EURO'),
((SELECT TOP 1 id FROM BellEquipment.dbo.ModelsCategory WHERE title ='ADT'), 'B18E 6X4'),
((SELECT TOP 1 id FROM BellEquipment.dbo.ModelsCategory WHERE title ='ADT'), 'B19C 6X4'),
((SELECT TOP 1 id FROM BellEquipment.dbo.ModelsCategory WHERE title ='ADT'), 'B30 6X4 DEUTZ'),
((SELECT TOP 1 id FROM BellEquipment.dbo.ModelsCategory WHERE title ='ADT'), 'B18B 6X4 SUPER TRUCK'),
((SELECT TOP 1 id FROM BellEquipment.dbo.ModelsCategory WHERE title ='ADT'), 'B40C 6X4'),
((SELECT TOP 1 id FROM BellEquipment.dbo.ModelsCategory WHERE title ='ADT'), 'B18D 6X6'),
((SELECT TOP 1 id FROM BellEquipment.dbo.ModelsCategory WHERE title ='ADT'), 'B1830D COAL DUMPER'),
((SELECT TOP 1 id FROM BellEquipment.dbo.ModelsCategory WHERE title ='ADT'), 'B50E 6X6 WDB EURO'),
((SELECT TOP 1 id FROM BellEquipment.dbo.ModelsCategory WHERE title ='ADT'), 'B45D 6X6'),
((SELECT TOP 1 id FROM BellEquipment.dbo.ModelsCategory WHERE title ='ADT'), 'B30D 6X6 WDB EURO'),
((SELECT TOP 1 id FROM BellEquipment.dbo.ModelsCategory WHERE title ='ADT'), 'B30E 6X6 WDB EURO'),
((SELECT TOP 1 id FROM BellEquipment.dbo.ModelsCategory WHERE title ='ADT'), 'B25E 6X6 EURO'),
((SELECT TOP 1 id FROM BellEquipment.dbo.ModelsCategory WHERE title ='ADT'), 'B60E'),
((SELECT TOP 1 id FROM BellEquipment.dbo.ModelsCategory WHERE title ='ADT'), 'B30C 6X4'),
((SELECT TOP 1 id FROM BellEquipment.dbo.ModelsCategory WHERE title ='ADT'), 'B40E 6X6 WDB EURO'),
((SELECT TOP 1 id FROM BellEquipment.dbo.ModelsCategory WHERE title ='ADT'), 'B30E 6X6'),
((SELECT TOP 1 id FROM BellEquipment.dbo.ModelsCategory WHERE title ='ADT'), 'B60 4X4 7SP'),
((SELECT TOP 1 id FROM BellEquipment.dbo.ModelsCategory WHERE title ='ADT'), 'B30D 6X6'),
((SELECT TOP 1 id FROM BellEquipment.dbo.ModelsCategory WHERE title ='ADT'), 'B30A'),
((SELECT TOP 1 id FROM BellEquipment.dbo.ModelsCategory WHERE title ='ADT'), 'B16B POWERHEAD'),
((SELECT TOP 1 id FROM BellEquipment.dbo.ModelsCategory WHERE title ='ADT'), 'B20D 6X6 NARROW'),
((SELECT TOP 1 id FROM BellEquipment.dbo.ModelsCategory WHERE title ='ADT'), 'B16B 4X2'),
((SELECT TOP 1 id FROM BellEquipment.dbo.ModelsCategory WHERE title ='ADT'), 'B50D 6X6'),
((SELECT TOP 1 id FROM BellEquipment.dbo.ModelsCategory WHERE title ='ADT'), 'B18D 6X4'),
((SELECT TOP 1 id FROM BellEquipment.dbo.ModelsCategory WHERE title ='ADT'), 'B50E 6X6'),
((SELECT TOP 1 id FROM BellEquipment.dbo.ModelsCategory WHERE title ='ADT'), 'B40 HP 6X6 ADT'),
((SELECT TOP 1 id FROM BellEquipment.dbo.ModelsCategory WHERE title ='ADT'), 'B40C MKII EJECTOR BIN'),
((SELECT TOP 1 id FROM BellEquipment.dbo.ModelsCategory WHERE title ='ADT'), 'B25A 4X4'),
((SELECT TOP 1 id FROM BellEquipment.dbo.ModelsCategory WHERE title ='ADT'), 'B20C 6X4'),
((SELECT TOP 1 id FROM BellEquipment.dbo.ModelsCategory WHERE title ='ADT'), 'B16B 6X2'),
((SELECT TOP 1 id FROM BellEquipment.dbo.ModelsCategory WHERE title ='ADT'), 'B30B 6X6'),
((SELECT TOP 1 id FROM BellEquipment.dbo.ModelsCategory WHERE title ='ADT'), 'B35C 6X6'),
((SELECT TOP 1 id FROM BellEquipment.dbo.ModelsCategory WHERE title ='ADT'), 'B25A 6X6'),
((SELECT TOP 1 id FROM BellEquipment.dbo.ModelsCategory WHERE title ='ADT'), 'B18D POWERHEAD'),
((SELECT TOP 1 id FROM BellEquipment.dbo.ModelsCategory WHERE title ='ADT'), 'B40D 6X6'),
((SELECT TOP 1 id FROM BellEquipment.dbo.ModelsCategory WHERE title ='ADT'), 'B31D 6X6'),
((SELECT TOP 1 id FROM BellEquipment.dbo.ModelsCategory WHERE title ='ADT'), 'B45D 6X6 EURO'),
((SELECT TOP 1 id FROM BellEquipment.dbo.ModelsCategory WHERE title ='ADT'), 'B18D NARROW EURO'),
((SELECT TOP 1 id FROM BellEquipment.dbo.ModelsCategory WHERE title ='ADT'), 'B40E 6X6'),
((SELECT TOP 1 id FROM BellEquipment.dbo.ModelsCategory WHERE title ='ADT'), 'B19D PROTOTYPE'),
((SELECT TOP 1 id FROM BellEquipment.dbo.ModelsCategory WHERE title ='ADT'), 'B40B 6X6'),
((SELECT TOP 1 id FROM BellEquipment.dbo.ModelsCategory WHERE title ='ADT'), 'B40E 6X6 KIT'),
((SELECT TOP 1 id FROM BellEquipment.dbo.ModelsCategory WHERE title ='ADT'), 'B25D POWERHEAD'),
((SELECT TOP 1 id FROM BellEquipment.dbo.ModelsCategory WHERE title ='ADT'), 'B18A 6X4'),
((SELECT TOP 1 id FROM BellEquipment.dbo.ModelsCategory WHERE title ='ADT'), 'B35D 6X6'),
((SELECT TOP 1 id FROM BellEquipment.dbo.ModelsCategory WHERE title ='ADT'), 'B40C POWERHEAD'),
((SELECT TOP 1 id FROM BellEquipment.dbo.ModelsCategory WHERE title ='ADT'), 'B30D 6X6 EURO'),
((SELECT TOP 1 id FROM BellEquipment.dbo.ModelsCategory WHERE title ='ADT'), 'B20D 6X6'),
((SELECT TOP 1 id FROM BellEquipment.dbo.ModelsCategory WHERE title ='ADT'), 'B35D 6X6 WDB'),
((SELECT TOP 1 id FROM BellEquipment.dbo.ModelsCategory WHERE title ='ADT'), 'B17C 6X4'),
((SELECT TOP 1 id FROM BellEquipment.dbo.ModelsCategory WHERE title ='ADT'), 'B18E 6X6'),
((SELECT TOP 1 id FROM BellEquipment.dbo.ModelsCategory WHERE title ='ADT'), 'B45B 6X6'),
((SELECT TOP 1 id FROM BellEquipment.dbo.ModelsCategory WHERE title ='ADT'), 'B30D 6X6 WDB'),
((SELECT TOP 1 id FROM BellEquipment.dbo.ModelsCategory WHERE title ='ADT'), 'B40D 6X6 EURO'),
((SELECT TOP 1 id FROM BellEquipment.dbo.ModelsCategory WHERE title ='ADT'), 'B25/240 6X4 DEUTZ'),
((SELECT TOP 1 id FROM BellEquipment.dbo.ModelsCategory WHERE title ='ADT'), 'B17C 6X6 T/DECK'),
((SELECT TOP 1 id FROM BellEquipment.dbo.ModelsCategory WHERE title ='ADT'), 'B20B SUPER TRUCK'),
((SELECT TOP 1 id FROM BellEquipment.dbo.ModelsCategory WHERE title ='ADT'), 'B60E WDB EURO'),
((SELECT TOP 1 id FROM BellEquipment.dbo.ModelsCategory WHERE title ='ADT'), 'B30D 4X4'),
((SELECT TOP 1 id FROM BellEquipment.dbo.ModelsCategory WHERE title ='ADT'), 'B18C 6X4'),
((SELECT TOP 1 id FROM BellEquipment.dbo.ModelsCategory WHERE title ='ADT'), 'B30E 6X6 WDB EURO PIN 2.0'),
((SELECT TOP 1 id FROM BellEquipment.dbo.ModelsCategory WHERE title ='ADT'), 'B25/240 6X6 DEUTZ'),
((SELECT TOP 1 id FROM BellEquipment.dbo.ModelsCategory WHERE title ='ADT'), 'B40B 6X4'),
((SELECT TOP 1 id FROM BellEquipment.dbo.ModelsCategory WHERE title ='ADT'), 'B35E 6X6'),
((SELECT TOP 1 id FROM BellEquipment.dbo.ModelsCategory WHERE title ='ADT'), 'B45E 6X6 WDB EURO'),
((SELECT TOP 1 id FROM BellEquipment.dbo.ModelsCategory WHERE title ='ADT'), 'B20D 6X4'),
((SELECT TOP 1 id FROM BellEquipment.dbo.ModelsCategory WHERE title ='ADT'), 'B40A 6X6'),
((SELECT TOP 1 id FROM BellEquipment.dbo.ModelsCategory WHERE title ='ADT'), 'B30D 6X6 RT'),
((SELECT TOP 1 id FROM BellEquipment.dbo.ModelsCategory WHERE title ='ADT'), 'B25A 6X4'),
((SELECT TOP 1 id FROM BellEquipment.dbo.ModelsCategory WHERE title ='ADT'), 'B40D EJECTOR BIN'),
((SELECT TOP 1 id FROM BellEquipment.dbo.ModelsCategory WHERE title ='ADT LOW PROFILE'), 'B25L 6X6'),
((SELECT TOP 1 id FROM BellEquipment.dbo.ModelsCategory WHERE title ='ADT LOW PROFILE'), 'B18L 6X4'),
((SELECT TOP 1 id FROM BellEquipment.dbo.ModelsCategory WHERE title ='ADT LOW PROFILE'), 'B33L 4X4'),
((SELECT TOP 1 id FROM BellEquipment.dbo.ModelsCategory WHERE title ='ADT LOW PROFILE'), 'B30L 4X4'),
((SELECT TOP 1 id FROM BellEquipment.dbo.ModelsCategory WHERE title ='ADT LOW PROFILE'), 'B35L 4X4'),
((SELECT TOP 1 id FROM BellEquipment.dbo.ModelsCategory WHERE title ='ADT LOW PROFILE'), 'B25L 4X4'),
((SELECT TOP 1 id FROM BellEquipment.dbo.ModelsCategory WHERE title ='ADT LOW PROFILE'), 'B15L 4X4'),
((SELECT TOP 1 id FROM BellEquipment.dbo.ModelsCategory WHERE title ='ADT LOW PROFILE'), 'B40L 6X6'),
((SELECT TOP 1 id FROM BellEquipment.dbo.ModelsCategory WHERE title ='ADT SLAGPOT'), 'SLAGPOT CARRIER B25'),
((SELECT TOP 1 id FROM BellEquipment.dbo.ModelsCategory WHERE title ='ADT SLAGPOT'), 'SLAGPOT CARRIER B30'),
((SELECT TOP 1 id FROM BellEquipment.dbo.ModelsCategory WHERE title ='ADT SLAGPOT'), 'SLAGPOT CARRIER B40'),
((SELECT TOP 1 id FROM BellEquipment.dbo.ModelsCategory WHERE title ='ADT SPECIALS'), 'B16B 6X2 CAB/CHASSIS'),
((SELECT TOP 1 id FROM BellEquipment.dbo.ModelsCategory WHERE title ='ADT SPECIALS'), 'T17C 6X6 CAB/CHASSIS'),
((SELECT TOP 1 id FROM BellEquipment.dbo.ModelsCategory WHERE title ='ADT SPECIALS'), 'B20 TANKER,TRUCK,ALUSAF'),
((SELECT TOP 1 id FROM BellEquipment.dbo.ModelsCategory WHERE title ='ADT SPECIALS'), 'B50D WDB CAB/CHASSIS - EURO'),
((SELECT TOP 1 id FROM BellEquipment.dbo.ModelsCategory WHERE title ='ADT SPECIALS'), 'B50D CAB/CHASSIS'),
((SELECT TOP 1 id FROM BellEquipment.dbo.ModelsCategory WHERE title ='ADT SPECIALS'), 'B20 FULLY ASSEMBLED WATER TANK'),
((SELECT TOP 1 id FROM BellEquipment.dbo.ModelsCategory WHERE title ='ADT SPECIALS'), 'B31E MULE'),
((SELECT TOP 1 id FROM BellEquipment.dbo.ModelsCategory WHERE title ='ADT SPECIALS'), 'B17C 6X4 CAB/CHASSIS'),
((SELECT TOP 1 id FROM BellEquipment.dbo.ModelsCategory WHERE title ='ADT SPECIALS'), 'B35D WDB CAB/CHASSIS'),
((SELECT TOP 1 id FROM BellEquipment.dbo.ModelsCategory WHERE title ='ADT SPECIALS'), 'B30D CAB/CHASSIS'),
((SELECT TOP 1 id FROM BellEquipment.dbo.ModelsCategory WHERE title ='ADT SPECIALS'), 'B30E MULE'),
((SELECT TOP 1 id FROM BellEquipment.dbo.ModelsCategory WHERE title ='ADT SPECIALS'), 'B45D WDB CAB/CHASSIS - EURO'),
((SELECT TOP 1 id FROM BellEquipment.dbo.ModelsCategory WHERE title ='ADT SPECIALS'), 'B20D 6X4 CAB/CHASSIS'),
((SELECT TOP 1 id FROM BellEquipment.dbo.ModelsCategory WHERE title ='ADT SPECIALS'), 'B25D FUEL BOWSER'),
((SELECT TOP 1 id FROM BellEquipment.dbo.ModelsCategory WHERE title ='ADT SPECIALS'), 'B20 PRIME MOVER - ALUSAF'),
((SELECT TOP 1 id FROM BellEquipment.dbo.ModelsCategory WHERE title ='ADT SPECIALS'), 'B30B CAB/CHASSIS'),
((SELECT TOP 1 id FROM BellEquipment.dbo.ModelsCategory WHERE title ='ADT SPECIALS'), 'B18E 6X4 CAB/CHASSIS'),
((SELECT TOP 1 id FROM BellEquipment.dbo.ModelsCategory WHERE title ='ADT SPECIALS'), 'B20E 6X4 CAB/CHASSIS'),
((SELECT TOP 1 id FROM BellEquipment.dbo.ModelsCategory WHERE title ='ADT SPECIALS'), 'B18D 6X6 CAB/CHASSIS'),
((SELECT TOP 1 id FROM BellEquipment.dbo.ModelsCategory WHERE title ='ADT SPECIALS'), 'T17B HP CAB/CHASSIS'),
((SELECT TOP 1 id FROM BellEquipment.dbo.ModelsCategory WHERE title ='ADT SPECIALS'), 'B45D CAB/CHASSIS'),
((SELECT TOP 1 id FROM BellEquipment.dbo.ModelsCategory WHERE title ='ADT SPECIALS'), 'B25E CAB/CHASSIS'),
((SELECT TOP 1 id FROM BellEquipment.dbo.ModelsCategory WHERE title ='ADT SPECIALS'), 'B16B CAB/CHASSIS WATER TANKER'),
((SELECT TOP 1 id FROM BellEquipment.dbo.ModelsCategory WHERE title ='ADT SPECIALS'), 'B25D CAB/CHASSIS'),
((SELECT TOP 1 id FROM BellEquipment.dbo.ModelsCategory WHERE title ='ADT SPECIALS'), 'B35D CAB/CHASSIS'),
((SELECT TOP 1 id FROM BellEquipment.dbo.ModelsCategory WHERE title ='ADT SPECIALS'), 'B17B 6X4 CAB/CHASSIS'),
((SELECT TOP 1 id FROM BellEquipment.dbo.ModelsCategory WHERE title ='ADT SPECIALS'), 'B40D CAB/CHASSIS'),
((SELECT TOP 1 id FROM BellEquipment.dbo.ModelsCategory WHERE title ='ADT SPECIALS'), 'T302E MULE'),
((SELECT TOP 1 id FROM BellEquipment.dbo.ModelsCategory WHERE title ='ADT SPECIALS'), 'B20B CAB/CHASSIS'),
((SELECT TOP 1 id FROM BellEquipment.dbo.ModelsCategory WHERE title ='ADT SPECIALS'), 'B40D WDB CAB/CHASSIS - EURO'),
((SELECT TOP 1 id FROM BellEquipment.dbo.ModelsCategory WHERE title ='ADT SPECIALS'), 'T17C 6X4 CAB/CHASSIS'),
((SELECT TOP 1 id FROM BellEquipment.dbo.ModelsCategory WHERE title ='ADT SPECIALS'), 'B30D WDB CAB/CHASSIS'),
((SELECT TOP 1 id FROM BellEquipment.dbo.ModelsCategory WHERE title ='ADT SPECIALS'), 'B30E CAB/CHASSIS'),
((SELECT TOP 1 id FROM BellEquipment.dbo.ModelsCategory WHERE title ='ADT SPECIALS'), 'B16B 4X2 CAB/CHASSIS'),
((SELECT TOP 1 id FROM BellEquipment.dbo.ModelsCategory WHERE title ='ADT SPECIALS'), 'B25B 6X4 CAB/CHASSIS'),
((SELECT TOP 1 id FROM BellEquipment.dbo.ModelsCategory WHERE title ='ADT SPECIALS'), 'B25B 6X6 CAB/CHASSIS'),
((SELECT TOP 1 id FROM BellEquipment.dbo.ModelsCategory WHERE title ='ADT SPECIALS'), 'B35D WDB CAB/CHASSIS - EURO'),
((SELECT TOP 1 id FROM BellEquipment.dbo.ModelsCategory WHERE title ='ADT SPECIALS'), 'B30C CAB/CHASSIS'),
((SELECT TOP 1 id FROM BellEquipment.dbo.ModelsCategory WHERE title ='ADT SPECIALS'), 'B25C CAB/CHASSIS'),
((SELECT TOP 1 id FROM BellEquipment.dbo.ModelsCategory WHERE title ='ADT SPECIALS'), 'B18D 6X4 CAB/CHASSIS'),
((SELECT TOP 1 id FROM BellEquipment.dbo.ModelsCategory WHERE title ='ADT SPECIALS'), 'B25D 6X6 HOOKLIFT CONVERSION'),
((SELECT TOP 1 id FROM BellEquipment.dbo.ModelsCategory WHERE title ='ADT SPECIALS'), 'B20C CAB/CHASSIS'),
((SELECT TOP 1 id FROM BellEquipment.dbo.ModelsCategory WHERE title ='ADT TANKER'), 'B40 35,000L WATER TANK KIT'),
((SELECT TOP 1 id FROM BellEquipment.dbo.ModelsCategory WHERE title ='ADT TANKER'), 'B30 27,000L WATER TANKER'),
((SELECT TOP 1 id FROM BellEquipment.dbo.ModelsCategory WHERE title ='ADT TANKER'), 'B20 15,000L WATER TANKER'),
((SELECT TOP 1 id FROM BellEquipment.dbo.ModelsCategory WHERE title ='ADT TANKER'), 'B20B 18,000L WATER TANKER'),
((SELECT TOP 1 id FROM BellEquipment.dbo.ModelsCategory WHERE title ='ADT TANKER'), 'B25D 6X6 WATER TANKER'),
((SELECT TOP 1 id FROM BellEquipment.dbo.ModelsCategory WHERE title ='ADT TANKER'), 'B25D 6X4 WATER TANKER'),
((SELECT TOP 1 id FROM BellEquipment.dbo.ModelsCategory WHERE title ='ADT TANKER'), 'B18 6X4 18000L TANKER'),
((SELECT TOP 1 id FROM BellEquipment.dbo.ModelsCategory WHERE title ='ADT TANKER'), 'B18D 6X6 DIESEL TANKER'),
((SELECT TOP 1 id FROM BellEquipment.dbo.ModelsCategory WHERE title ='ADT TANKER'), 'B35 33,000L WATER TANKER'),
((SELECT TOP 1 id FROM BellEquipment.dbo.ModelsCategory WHERE title ='ADT TANKER'), 'B20D 18,000L WATER TANKER'),
((SELECT TOP 1 id FROM BellEquipment.dbo.ModelsCategory WHERE title ='ADT TANKER'), 'B18D 6X4 WATER TANKER'),
((SELECT TOP 1 id FROM BellEquipment.dbo.ModelsCategory WHERE title ='ADT TANKER'), 'B17B 6X4 WATER TANKER'),
((SELECT TOP 1 id FROM BellEquipment.dbo.ModelsCategory WHERE title ='ADT TANKER'), 'B40E 35,000L WATER TANKER (BAE)'),
((SELECT TOP 1 id FROM BellEquipment.dbo.ModelsCategory WHERE title ='ADT TANKER'), 'B25B 6X4 WATER TANKER'),
((SELECT TOP 1 id FROM BellEquipment.dbo.ModelsCategory WHERE title ='ADT TANKER'), 'B20 20,000L WATER TANKER TRAILER'),
((SELECT TOP 1 id FROM BellEquipment.dbo.ModelsCategory WHERE title ='ADT TANKER'), 'B50D 43,000L WATER TANKER'),
((SELECT TOP 1 id FROM BellEquipment.dbo.ModelsCategory WHERE title ='ADT TANKER'), 'B25D 23,000L WATER TANKER'),
((SELECT TOP 1 id FROM BellEquipment.dbo.ModelsCategory WHERE title ='ADT TANKER'), 'B16 7000 L WATER TANKER'),
((SELECT TOP 1 id FROM BellEquipment.dbo.ModelsCategory WHERE title ='ADT TANKER'), 'B25 23,000L WATER TANKER'),
((SELECT TOP 1 id FROM BellEquipment.dbo.ModelsCategory WHERE title ='ADT TANKER'), 'B20 15,000L WATER TANKER TRAILER'),
((SELECT TOP 1 id FROM BellEquipment.dbo.ModelsCategory WHERE title ='ADT TANKER'), 'B40D 35,000L WATER TANKER (BAE)'),
((SELECT TOP 1 id FROM BellEquipment.dbo.ModelsCategory WHERE title ='ADT TANKER'), 'B25D 6X6 DIESEL TANKER'),
((SELECT TOP 1 id FROM BellEquipment.dbo.ModelsCategory WHERE title ='ADT TANKER'), 'B40 35,000L WATER TANKER'),
((SELECT TOP 1 id FROM BellEquipment.dbo.ModelsCategory WHERE title ='ADT TANKER'), 'B18D 6X6 WATER TANKER'),
((SELECT TOP 1 id FROM BellEquipment.dbo.ModelsCategory WHERE title ='ADT TANKER'), 'B20C 18,000L WATER TANKER'),
((SELECT TOP 1 id FROM BellEquipment.dbo.ModelsCategory WHERE title ='ADT TIMBER'), 'T302 4X4 HAULER'),
((SELECT TOP 1 id FROM BellEquipment.dbo.ModelsCategory WHERE title ='ADT TIMBER'), 'T17B 6X6'),
((SELECT TOP 1 id FROM BellEquipment.dbo.ModelsCategory WHERE title ='ADT TIMBER'), 'T302E 6X6 FORWARDER'),
((SELECT TOP 1 id FROM BellEquipment.dbo.ModelsCategory WHERE title ='ADT TIMBER'), 'T403 6X6 HAULER'),
((SELECT TOP 1 id FROM BellEquipment.dbo.ModelsCategory WHERE title ='ADT TIMBER'), 'T302 4X4 FORWARDER'),
((SELECT TOP 1 id FROM BellEquipment.dbo.ModelsCategory WHERE title ='ADT TIMBER'), 'T17B HP 6X6'),
((SELECT TOP 1 id FROM BellEquipment.dbo.ModelsCategory WHERE title ='ADT TIMBER'), 'T20D 6X4'),
((SELECT TOP 1 id FROM BellEquipment.dbo.ModelsCategory WHERE title ='ADT TIMBER'), 'B17C 6X6'),
((SELECT TOP 1 id FROM BellEquipment.dbo.ModelsCategory WHERE title ='ADT TIMBER'), 'T25/240 6X4 TIMBER TIP TRUCK'),
((SELECT TOP 1 id FROM BellEquipment.dbo.ModelsCategory WHERE title ='ADT TIMBER'), 'T302E 6X6 HAULER'),
((SELECT TOP 1 id FROM BellEquipment.dbo.ModelsCategory WHERE title ='ADT TIMBER'), 'B17C 6X6 T/DECK'),
((SELECT TOP 1 id FROM BellEquipment.dbo.ModelsCategory WHERE title ='ADT TIMBER'), 'T12 FORWARDER'),
((SELECT TOP 1 id FROM BellEquipment.dbo.ModelsCategory WHERE title ='ADT TIMBER'), 'T22F 6X6'),
((SELECT TOP 1 id FROM BellEquipment.dbo.ModelsCategory WHERE title ='ADT TIMBER'), 'T17C 6X4'),
((SELECT TOP 1 id FROM BellEquipment.dbo.ModelsCategory WHERE title ='ADT TIMBER'), 'T16C 6X6 TIMBER HAULER'),
((SELECT TOP 1 id FROM BellEquipment.dbo.ModelsCategory WHERE title ='ADT TIMBER'), 'B17C 6X4'),
((SELECT TOP 1 id FROM BellEquipment.dbo.ModelsCategory WHERE title ='ADT TIMBER'), 'T16B 6X2 TIMBER HAULER'),
((SELECT TOP 1 id FROM BellEquipment.dbo.ModelsCategory WHERE title ='ADT TIMBER'), 'T17B HP 6X4'),
((SELECT TOP 1 id FROM BellEquipment.dbo.ModelsCategory WHERE title ='ADT TIMBER'), 'T302E 4X4 HAULER'),
((SELECT TOP 1 id FROM BellEquipment.dbo.ModelsCategory WHERE title ='ADT TIMBER'), 'T17 VHP EXPERIMENTAL'),
((SELECT TOP 1 id FROM BellEquipment.dbo.ModelsCategory WHERE title ='ADT TIMBER'), 'T21D'),
((SELECT TOP 1 id FROM BellEquipment.dbo.ModelsCategory WHERE title ='ADT TIMBER'), 'T302 6X6 FORWARDER'),
((SELECT TOP 1 id FROM BellEquipment.dbo.ModelsCategory WHERE title ='ADT TIMBER'), 'T25/240 6X6 TIMBER TIP TRUCK'),
((SELECT TOP 1 id FROM BellEquipment.dbo.ModelsCategory WHERE title ='ADT TIMBER'), 'T403E 6X6 FORWARDER'),
((SELECT TOP 1 id FROM BellEquipment.dbo.ModelsCategory WHERE title ='ADT TIMBER'), 'T302 6X6 HAULER'),
((SELECT TOP 1 id FROM BellEquipment.dbo.ModelsCategory WHERE title ='ADT TIMBER'), 'T25D 6X6 TIMBER F/DECK'),
((SELECT TOP 1 id FROM BellEquipment.dbo.ModelsCategory WHERE title ='ADT TIMBER'), 'T22D 6X6'),
((SELECT TOP 1 id FROM BellEquipment.dbo.ModelsCategory WHERE title ='ADT TIMBER'), 'T14 6X6 FORWARDER'),
((SELECT TOP 1 id FROM BellEquipment.dbo.ModelsCategory WHERE title ='ADT TIMBER'), 'T403 6X6 FORWARDER'),
((SELECT TOP 1 id FROM BellEquipment.dbo.ModelsCategory WHERE title ='ADT TIMBER'), 'T17C 6X6'),
((SELECT TOP 1 id FROM BellEquipment.dbo.ModelsCategory WHERE title ='ADT TIMBER'), 'T403E 6X6 HAULER'),
((SELECT TOP 1 id FROM BellEquipment.dbo.ModelsCategory WHERE title ='ADT TIMBER'), 'T17D 6X6 T/DECK'),
((SELECT TOP 1 id FROM BellEquipment.dbo.ModelsCategory WHERE title ='ADT TIMBER'), 'T17D 6X6 F/DECK'),
((SELECT TOP 1 id FROM BellEquipment.dbo.ModelsCategory WHERE title ='ADT TIMBER'), 'T17B 6X4'),
((SELECT TOP 1 id FROM BellEquipment.dbo.ModelsCategory WHERE title ='ADT TIMBER'), 'T302E 4X4 FORWARDER'),
((SELECT TOP 1 id FROM BellEquipment.dbo.ModelsCategory WHERE title ='ARTIC HAULER'), '2406D 4X4'),
((SELECT TOP 1 id FROM BellEquipment.dbo.ModelsCategory WHERE title ='ARTIC HAULER'), '2806B 4X4'),
((SELECT TOP 1 id FROM BellEquipment.dbo.ModelsCategory WHERE title ='ARTIC HAULER'), '2406C 4X4'),
((SELECT TOP 1 id FROM BellEquipment.dbo.ModelsCategory WHERE title ='ARTIC HAULER'), '2406G 4X4'),
((SELECT TOP 1 id FROM BellEquipment.dbo.ModelsCategory WHERE title ='ARTIC HAULER'), '2806C 4X4'),
((SELECT TOP 1 id FROM BellEquipment.dbo.ModelsCategory WHERE title ='ARTIC HAULER'), '3806D 4X4'),
((SELECT TOP 1 id FROM BellEquipment.dbo.ModelsCategory WHERE title ='ARTIC HAULER'), '2806D 4X4 MODIFIED'),
((SELECT TOP 1 id FROM BellEquipment.dbo.ModelsCategory WHERE title ='ARTIC HAULER'), '2706A 4X4'),
((SELECT TOP 1 id FROM BellEquipment.dbo.ModelsCategory WHERE title ='ARTIC HAULER'), '2304E 4X4'),
((SELECT TOP 1 id FROM BellEquipment.dbo.ModelsCategory WHERE title ='ARTIC HAULER'), '2806D DOCKSPOTTER'),
((SELECT TOP 1 id FROM BellEquipment.dbo.ModelsCategory WHERE title ='ARTIC HAULER'), '4308C 4X4'),
((SELECT TOP 1 id FROM BellEquipment.dbo.ModelsCategory WHERE title ='ARTIC HAULER'), '2306E 4X4'),
((SELECT TOP 1 id FROM BellEquipment.dbo.ModelsCategory WHERE title ='ARTIC HAULER'), '2056L4 HAULER'),
((SELECT TOP 1 id FROM BellEquipment.dbo.ModelsCategory WHERE title ='ARTIC HAULER'), '1766B'),
((SELECT TOP 1 id FROM BellEquipment.dbo.ModelsCategory WHERE title ='ARTIC HAULER'), '4206D 4X4 EURO'),
((SELECT TOP 1 id FROM BellEquipment.dbo.ModelsCategory WHERE title ='ARTIC HAULER'), '2306D 4X4'),
((SELECT TOP 1 id FROM BellEquipment.dbo.ModelsCategory WHERE title ='ARTIC HAULER'), '2808B 4X4'),
((SELECT TOP 1 id FROM BellEquipment.dbo.ModelsCategory WHERE title ='ARTIC HAULER'), '2808C 4X4'),
((SELECT TOP 1 id FROM BellEquipment.dbo.ModelsCategory WHERE title ='ARTIC HAULER'), '2806E 4X4'),
((SELECT TOP 1 id FROM BellEquipment.dbo.ModelsCategory WHERE title ='ARTIC HAULER'), '1758C 4X4 LOW PROFILE HAULER '),
((SELECT TOP 1 id FROM BellEquipment.dbo.ModelsCategory WHERE title ='ARTIC HAULER'), '4206D 4X4'),
((SELECT TOP 1 id FROM BellEquipment.dbo.ModelsCategory WHERE title ='ARTIC HAULER'), '1766C'),
((SELECT TOP 1 id FROM BellEquipment.dbo.ModelsCategory WHERE title ='ARTIC HAULER'), '3206E 4X4'),
((SELECT TOP 1 id FROM BellEquipment.dbo.ModelsCategory WHERE title ='ARTIC HAULER'), '2806D 4X4'),
((SELECT TOP 1 id FROM BellEquipment.dbo.ModelsCategory WHERE title ='ARTIC HAULER'), '2406A 4X4'),
((SELECT TOP 1 id FROM BellEquipment.dbo.ModelsCategory WHERE title ='ARTIC HAULER'), '2406B 4X4'),
((SELECT TOP 1 id FROM BellEquipment.dbo.ModelsCategory WHERE title ='ATL'), 'ATL 884 FORESTRY'),
((SELECT TOP 1 id FROM BellEquipment.dbo.ModelsCategory WHERE title ='ATL'), 'ATL 884 DEBARKER'),
((SELECT TOP 1 id FROM BellEquipment.dbo.ModelsCategory WHERE title ='ATL'), 'ATL 884 SUGAR CANE'),
((SELECT TOP 1 id FROM BellEquipment.dbo.ModelsCategory WHERE title ='BAE SPECIALS'), '220E ROCKSCALER (BAE)'),
((SELECT TOP 1 id FROM BellEquipment.dbo.ModelsCategory WHERE title ='BAE SPECIALS'), 'ADT,P/HEAD,REV DOOR'),
((SELECT TOP 1 id FROM BellEquipment.dbo.ModelsCategory WHERE title ='BAE SPECIALS'), '75KW 4X4 TRACTOR'),
((SELECT TOP 1 id FROM BellEquipment.dbo.ModelsCategory WHERE title ='BAE SPECIALS'), '220A TYRE HANDLER'),
((SELECT TOP 1 id FROM BellEquipment.dbo.ModelsCategory WHERE title ='BAE SPECIALS'), 'TRAILER - BOGIE - SINGLE AXLE'),
((SELECT TOP 1 id FROM BellEquipment.dbo.ModelsCategory WHERE title ='BAE SPECIALS'), '7M� G/P DUMPER - SKELETON'),
((SELECT TOP 1 id FROM BellEquipment.dbo.ModelsCategory WHERE title ='BAE SPECIALS'), 'S16B CANE HAULER'),
((SELECT TOP 1 id FROM BellEquipment.dbo.ModelsCategory WHERE title ='BAE SPECIALS'), 'COAL BIN B40'),
((SELECT TOP 1 id FROM BellEquipment.dbo.ModelsCategory WHERE title ='BAE SPECIALS'), 'TRAILER - INGOT 25T TIP'),
((SELECT TOP 1 id FROM BellEquipment.dbo.ModelsCategory WHERE title ='BAE SPECIALS'), 'TELCON MULTI UTILITY VEHICLE'),
((SELECT TOP 1 id FROM BellEquipment.dbo.ModelsCategory WHERE title ='BAE SPECIALS'), 'B40D 5TH WHEEL'),
((SELECT TOP 1 id FROM BellEquipment.dbo.ModelsCategory WHERE title ='BAE SPECIALS'), '9M� G/P DUMPER - SKELETON'),
((SELECT TOP 1 id FROM BellEquipment.dbo.ModelsCategory WHERE title ='BAE SPECIALS'), '225A,PROCESSHEAD,BASE UNIT,A# '),
((SELECT TOP 1 id FROM BellEquipment.dbo.ModelsCategory WHERE title ='BAE SPECIALS'), '220A BRICK HANDLER (ABEL GRAB)'),
((SELECT TOP 1 id FROM BellEquipment.dbo.ModelsCategory WHERE title ='BAE SPECIALS'), 'B15D 4X2'),
((SELECT TOP 1 id FROM BellEquipment.dbo.ModelsCategory WHERE title ='BAE SPECIALS'), '56KW 4X4 TRACTOR'),
((SELECT TOP 1 id FROM BellEquipment.dbo.ModelsCategory WHERE title ='BAE SPECIALS'), 'B15D 4X4'),
((SELECT TOP 1 id FROM BellEquipment.dbo.ModelsCategory WHERE title ='BAE SPECIALS'), 'L1204E CANE CRANE'),
((SELECT TOP 1 id FROM BellEquipment.dbo.ModelsCategory WHERE title ='BAE SPECIALS'), 'B33L 4X4'),
((SELECT TOP 1 id FROM BellEquipment.dbo.ModelsCategory WHERE title ='BAE SPECIALS'), '10T FEL FORKLIFT'),
((SELECT TOP 1 id FROM BellEquipment.dbo.ModelsCategory WHERE title ='BAE SPECIALS'), '225HP DEBARKER'),
((SELECT TOP 1 id FROM BellEquipment.dbo.ModelsCategory WHERE title ='COMPACTOR'), 'BC 772 EB-2'),
((SELECT TOP 1 id FROM BellEquipment.dbo.ModelsCategory WHERE title ='COMPACTOR'), 'BC 472 RB'),
((SELECT TOP 1 id FROM BellEquipment.dbo.ModelsCategory WHERE title ='COMPACTOR'), 'BC 1172 RB-2'),
((SELECT TOP 1 id FROM BellEquipment.dbo.ModelsCategory WHERE title ='COMPACTOR'), 'BC 572 RB-2'),
((SELECT TOP 1 id FROM BellEquipment.dbo.ModelsCategory WHERE title ='COMPACTOR'), 'BC 772 RB-2'),
((SELECT TOP 1 id FROM BellEquipment.dbo.ModelsCategory WHERE title ='COMPACTOR'), 'BC 772 RS-2'),
((SELECT TOP 1 id FROM BellEquipment.dbo.ModelsCategory WHERE title ='COMPACTOR'), 'BC 672 RB'),
((SELECT TOP 1 id FROM BellEquipment.dbo.ModelsCategory WHERE title ='COMPACTOR'), 'BC 672 RB-2'),
((SELECT TOP 1 id FROM BellEquipment.dbo.ModelsCategory WHERE title ='COMPACTOR'), 'BC 772 RB'),
((SELECT TOP 1 id FROM BellEquipment.dbo.ModelsCategory WHERE title ='COMPACTOR'), 'BC 472 RS'),
((SELECT TOP 1 id FROM BellEquipment.dbo.ModelsCategory WHERE title ='COMPACTOR'), 'BC 462 EB'),
((SELECT TOP 1 id FROM BellEquipment.dbo.ModelsCategory WHERE title ='COMPACTOR'), 'C2406 REFUSE COMPACTOR'),
((SELECT TOP 1 id FROM BellEquipment.dbo.ModelsCategory WHERE title ='COMPACTOR'), 'C1706B REFUSE COMPACTOR'),
((SELECT TOP 1 id FROM BellEquipment.dbo.ModelsCategory WHERE title ='COMPACTOR'), 'BC 972 RB-2'),
((SELECT TOP 1 id FROM BellEquipment.dbo.ModelsCategory WHERE title ='COMPACTOR'), 'BC 672 EB-2'),
((SELECT TOP 1 id FROM BellEquipment.dbo.ModelsCategory WHERE title ='COMPACTOR'), 'BC 572 RB'),
((SELECT TOP 1 id FROM BellEquipment.dbo.ModelsCategory WHERE title ='COMPACTOR'), 'BC 462 RB'),
((SELECT TOP 1 id FROM BellEquipment.dbo.ModelsCategory WHERE title ='COMPACTOR'), 'C1706C REFUSE COMPACTOR'),
((SELECT TOP 1 id FROM BellEquipment.dbo.ModelsCategory WHERE title ='COMPACTOR'), 'BC 771 RB'),
((SELECT TOP 1 id FROM BellEquipment.dbo.ModelsCategory WHERE title ='COMPACTOR'), 'C1206B REFUSE COMPACTOR'),
((SELECT TOP 1 id FROM BellEquipment.dbo.ModelsCategory WHERE title ='CRUSHER'), 'I-110 IMPACT'),
((SELECT TOP 1 id FROM BellEquipment.dbo.ModelsCategory WHERE title ='CRUSHER'), 'J-1175 JAW'),
((SELECT TOP 1 id FROM BellEquipment.dbo.ModelsCategory WHERE title ='CRUSHER'), 'J-1480 JAW'),
((SELECT TOP 1 id FROM BellEquipment.dbo.ModelsCategory WHERE title ='CRUSHER'), 'C-1540RS CONE'),
((SELECT TOP 1 id FROM BellEquipment.dbo.ModelsCategory WHERE title ='CRUSHER'), 'J-750 JAW'),
((SELECT TOP 1 id FROM BellEquipment.dbo.ModelsCategory WHERE title ='CRUSHER'), 'C-1550 CONE'),
((SELECT TOP 1 id FROM BellEquipment.dbo.ModelsCategory WHERE title ='CRUSHER'), 'I-110RS IMPACT'),
((SELECT TOP 1 id FROM BellEquipment.dbo.ModelsCategory WHERE title ='CRUSHER'), 'I-111 IMPACT'),
((SELECT TOP 1 id FROM BellEquipment.dbo.ModelsCategory WHERE title ='CRUSHER'), 'J-1160 JAW'),
((SELECT TOP 1 id FROM BellEquipment.dbo.ModelsCategory WHERE title ='CRUSHER'), 'I-100 IMPACT'),
((SELECT TOP 1 id FROM BellEquipment.dbo.ModelsCategory WHERE title ='CRUSHER'), 'I-111RS IMPACT'),
((SELECT TOP 1 id FROM BellEquipment.dbo.ModelsCategory WHERE title ='CRUSHER'), 'J-1170 JAW'),
((SELECT TOP 1 id FROM BellEquipment.dbo.ModelsCategory WHERE title ='CRUSHER'), 'I-130RS IMPACT'),
((SELECT TOP 1 id FROM BellEquipment.dbo.ModelsCategory WHERE title ='CRUSHER'), 'I-130 IMPACT'),
((SELECT TOP 1 id FROM BellEquipment.dbo.ModelsCategory WHERE title ='CRUSHER'), 'C-1540 CONE'),
((SELECT TOP 1 id FROM BellEquipment.dbo.ModelsCategory WHERE title ='CRUSHER'), 'I-100RS IMPACT'),
((SELECT TOP 1 id FROM BellEquipment.dbo.ModelsCategory WHERE title ='DOZER'), 'PR764 DOZER'),
((SELECT TOP 1 id FROM BellEquipment.dbo.ModelsCategory WHERE title ='DOZER'), '850J'),
((SELECT TOP 1 id FROM BellEquipment.dbo.ModelsCategory WHERE title ='DOZER'), '850C - CANOPY'),
((SELECT TOP 1 id FROM BellEquipment.dbo.ModelsCategory WHERE title ='DOZER'), 'PR734'),
((SELECT TOP 1 id FROM BellEquipment.dbo.ModelsCategory WHERE title ='DOZER'), '650J'),
((SELECT TOP 1 id FROM BellEquipment.dbo.ModelsCategory WHERE title ='DOZER'), '700J'),
((SELECT TOP 1 id FROM BellEquipment.dbo.ModelsCategory WHERE title ='DOZER'), '850C - CAB'),
((SELECT TOP 1 id FROM BellEquipment.dbo.ModelsCategory WHERE title ='DOZER'), 'PR744 DOZER'),
((SELECT TOP 1 id FROM BellEquipment.dbo.ModelsCategory WHERE title ='DOZER'), 'PR754 DOZER'),
((SELECT TOP 1 id FROM BellEquipment.dbo.ModelsCategory WHERE title ='Excavator'), 'SK500HDLC-8'),
((SELECT TOP 1 id FROM BellEquipment.dbo.ModelsCategory WHERE title ='Excavator'), 'SK380HDLC-8'),
((SELECT TOP 1 id FROM BellEquipment.dbo.ModelsCategory WHERE title ='EXCAVATOR'), 'HD820R'),
((SELECT TOP 1 id FROM BellEquipment.dbo.ModelsCategory WHERE title ='EXCAVATOR'), 'HX500E EXCAVATOR - R954C'),
((SELECT TOP 1 id FROM BellEquipment.dbo.ModelsCategory WHERE title ='EXCAVATOR'), 'HD250'),
((SELECT TOP 1 id FROM BellEquipment.dbo.ModelsCategory WHERE title ='EXCAVATOR'), 'R140 WHEELED'),
((SELECT TOP 1 id FROM BellEquipment.dbo.ModelsCategory WHERE title ='EXCAVATOR'), 'HX240E EXCAVATOR - R916C'),
((SELECT TOP 1 id FROM BellEquipment.dbo.ModelsCategory WHERE title ='EXCAVATOR'), 'HX310E EXCAVATOR - R934B'),
((SELECT TOP 1 id FROM BellEquipment.dbo.ModelsCategory WHERE title ='EXCAVATOR'), 'R290 TRACKED'),
((SELECT TOP 1 id FROM BellEquipment.dbo.ModelsCategory WHERE title ='Excavator'), 'SK140LC'),
((SELECT TOP 1 id FROM BellEquipment.dbo.ModelsCategory WHERE title ='EXCAVATOR'), 'R 934 C EXCAVATOR'),
((SELECT TOP 1 id FROM BellEquipment.dbo.ModelsCategory WHERE title ='EXCAVATOR'), 'HX230E EXCAVATOR - R906C'),
((SELECT TOP 1 id FROM BellEquipment.dbo.ModelsCategory WHERE title ='EXCAVATOR'), 'R180 TRACKED'),
((SELECT TOP 1 id FROM BellEquipment.dbo.ModelsCategory WHERE title ='EXCAVATOR'), 'HD1023'),
((SELECT TOP 1 id FROM BellEquipment.dbo.ModelsCategory WHERE title ='EXCAVATOR'), 'ZX870LCR-3BE'),
((SELECT TOP 1 id FROM BellEquipment.dbo.ModelsCategory WHERE title ='EXCAVATOR'), 'R 964 S-HD EXCAVATOR'),
((SELECT TOP 1 id FROM BellEquipment.dbo.ModelsCategory WHERE title ='EXCAVATOR'), 'HD820 WITH HTH616 HEAD'),
((SELECT TOP 1 id FROM BellEquipment.dbo.ModelsCategory WHERE title ='EXCAVATOR'), 'HD800'),
((SELECT TOP 1 id FROM BellEquipment.dbo.ModelsCategory WHERE title ='EXCAVATOR'), 'R 964 B EXCAVATOR'),
((SELECT TOP 1 id FROM BellEquipment.dbo.ModelsCategory WHERE title ='EXCAVATOR'), 'HX200 EXCAVATOR'),
((SELECT TOP 1 id FROM BellEquipment.dbo.ModelsCategory WHERE title ='EXCAVATOR'), 'ZX670LCR-3BE'),
((SELECT TOP 1 id FROM BellEquipment.dbo.ModelsCategory WHERE title ='EXCAVATOR'), 'HX500E S EXCAVATOR'),
((SELECT TOP 1 id FROM BellEquipment.dbo.ModelsCategory WHERE title ='EXCAVATOR'), 'R 954 B EXCAVATOR'),
((SELECT TOP 1 id FROM BellEquipment.dbo.ModelsCategory WHERE title ='Excavator'), 'SK350LC-8'),
((SELECT TOP 1 id FROM BellEquipment.dbo.ModelsCategory WHERE title ='EXCAVATOR'), 'R450 TRACKED'),
((SELECT TOP 1 id FROM BellEquipment.dbo.ModelsCategory WHERE title ='EXCAVATOR'), 'R 980 EXCAVATOR'),
((SELECT TOP 1 id FROM BellEquipment.dbo.ModelsCategory WHERE title ='EXCAVATOR'), 'R320 TRACKED'),
((SELECT TOP 1 id FROM BellEquipment.dbo.ModelsCategory WHERE title ='Excavator'), 'SK210LC-8'),
((SELECT TOP 1 id FROM BellEquipment.dbo.ModelsCategory WHERE title ='EXCAVATOR'), 'HD1430'),
((SELECT TOP 1 id FROM BellEquipment.dbo.ModelsCategory WHERE title ='EXCAVATOR'), 'HX390E EXCAVATOR - R944B'),
((SELECT TOP 1 id FROM BellEquipment.dbo.ModelsCategory WHERE title ='EXCAVATOR'), 'HD1023 WITH HTH616 HEAD'),
((SELECT TOP 1 id FROM BellEquipment.dbo.ModelsCategory WHERE title ='EXCAVATOR'), 'HX270E EXCAVATOR - R926C'),
((SELECT TOP 1 id FROM BellEquipment.dbo.ModelsCategory WHERE title ='EXCAVATOR'), 'R 966 EXCAVATOR'),
((SELECT TOP 1 id FROM BellEquipment.dbo.ModelsCategory WHERE title ='EXCAVATOR'), 'HD2045'),
((SELECT TOP 1 id FROM BellEquipment.dbo.ModelsCategory WHERE title ='Excavator'), 'SK260LC-8'),
((SELECT TOP 1 id FROM BellEquipment.dbo.ModelsCategory WHERE title ='EXCAVATOR'), 'HD1250'),
((SELECT TOP 1 id FROM BellEquipment.dbo.ModelsCategory WHERE title ='EXCAVATOR'), 'R 924 EXCAVATOR'),
((SELECT TOP 1 id FROM BellEquipment.dbo.ModelsCategory WHERE title ='EXCAVATOR'), 'HD1880'),
((SELECT TOP 1 id FROM BellEquipment.dbo.ModelsCategory WHERE title ='EXCAVATOR'), 'R 954 S-HD EXCAVATOR'),
((SELECT TOP 1 id FROM BellEquipment.dbo.ModelsCategory WHERE title ='EXCAVATOR'), 'R 964 HD EXCAVATOR'),
((SELECT TOP 1 id FROM BellEquipment.dbo.ModelsCategory WHERE title ='EXCAVATOR'), 'R210 TRACKED'),
((SELECT TOP 1 id FROM BellEquipment.dbo.ModelsCategory WHERE title ='EXCAVATOR'), 'ZX470H-3'),
((SELECT TOP 1 id FROM BellEquipment.dbo.ModelsCategory WHERE title ='EXCAVATOR'), 'HD820'),
((SELECT TOP 1 id FROM BellEquipment.dbo.ModelsCategory WHERE title ='EXCAVATOR'), 'R 974 EXCAVATOR'),
((SELECT TOP 1 id FROM BellEquipment.dbo.ModelsCategory WHERE title ='EXCAVATOR'), 'R 974 S-HD EXCAVATOR'),
((SELECT TOP 1 id FROM BellEquipment.dbo.ModelsCategory WHERE title ='EXCAVATOR'), 'R 970 SME EXCAVATOR'),
((SELECT TOP 1 id FROM BellEquipment.dbo.ModelsCategory WHERE title ='EXCAVATOR'), 'R140 TRACKED'),
((SELECT TOP 1 id FROM BellEquipment.dbo.ModelsCategory WHERE title ='EXCAVATOR'), 'R 964 C EXCAVATOR'),
((SELECT TOP 1 id FROM BellEquipment.dbo.ModelsCategory WHERE title ='EXCAVATOR'), 'R160 TRACKED'),
((SELECT TOP 1 id FROM BellEquipment.dbo.ModelsCategory WHERE title ='Excavator'), 'SK850LC-8'),
((SELECT TOP 1 id FROM BellEquipment.dbo.ModelsCategory WHERE title ='EXCAVATOR'), 'R 976 EXCAVATOR'),
((SELECT TOP 1 id FROM BellEquipment.dbo.ModelsCategory WHERE title ='EXCAVATOR'), 'R 313 EXCAVATOR'),
((SELECT TOP 1 id FROM BellEquipment.dbo.ModelsCategory WHERE title ='EXCAVATOR'), 'HD1430R'),
((SELECT TOP 1 id FROM BellEquipment.dbo.ModelsCategory WHERE title ='Excavator'), 'SK55SRX'),
((SELECT TOP 1 id FROM BellEquipment.dbo.ModelsCategory WHERE title ='Excavator'), 'SK35SR'),
((SELECT TOP 1 id FROM BellEquipment.dbo.ModelsCategory WHERE title ='FEL'), 'L2208CII'),
((SELECT TOP 1 id FROM BellEquipment.dbo.ModelsCategory WHERE title ='FEL'), 'L1806CII'),
((SELECT TOP 1 id FROM BellEquipment.dbo.ModelsCategory WHERE title ='FEL'), 'LR634 STM'),
((SELECT TOP 1 id FROM BellEquipment.dbo.ModelsCategory WHERE title ='FEL'), 'L1206B'),
((SELECT TOP 1 id FROM BellEquipment.dbo.ModelsCategory WHERE title ='FEL'), 'C1204C CANE CRANE'),
((SELECT TOP 1 id FROM BellEquipment.dbo.ModelsCategory WHERE title ='FEL'), 'L580'),
((SELECT TOP 1 id FROM BellEquipment.dbo.ModelsCategory WHERE title ='FEL'), 'L1004D'),
((SELECT TOP 1 id FROM BellEquipment.dbo.ModelsCategory WHERE title ='FEL'), 'L550'),
((SELECT TOP 1 id FROM BellEquipment.dbo.ModelsCategory WHERE title ='FEL'), 'L1506D'),
((SELECT TOP 1 id FROM BellEquipment.dbo.ModelsCategory WHERE title ='FEL'), 'L2606E DEERE'),
((SELECT TOP 1 id FROM BellEquipment.dbo.ModelsCategory WHERE title ='FEL'), 'L705E'),
((SELECT TOP 1 id FROM BellEquipment.dbo.ModelsCategory WHERE title ='FEL'), 'L2106D'),
((SELECT TOP 1 id FROM BellEquipment.dbo.ModelsCategory WHERE title ='FEL'), 'L1708 LOW PROFILE FEL'),
((SELECT TOP 1 id FROM BellEquipment.dbo.ModelsCategory WHERE title ='FEL'), 'PROLOADER - PROTOTYPE'),
((SELECT TOP 1 id FROM BellEquipment.dbo.ModelsCategory WHERE title ='FEL'), 'L2206 366TI'),
((SELECT TOP 1 id FROM BellEquipment.dbo.ModelsCategory WHERE title ='FEL'), 'L2106E DEERE'),
((SELECT TOP 1 id FROM BellEquipment.dbo.ModelsCategory WHERE title ='FEL'), 'L1206B 10T FORKLIFT'),
((SELECT TOP 1 id FROM BellEquipment.dbo.ModelsCategory WHERE title ='FEL'), 'L1506E DEERE'),
((SELECT TOP 1 id FROM BellEquipment.dbo.ModelsCategory WHERE title ='FEL'), 'L586 STM'),
((SELECT TOP 1 id FROM BellEquipment.dbo.ModelsCategory WHERE title ='FEL'), 'L1706C'),
((SELECT TOP 1 id FROM BellEquipment.dbo.ModelsCategory WHERE title ='FEL'), 'L1506E'),
((SELECT TOP 1 id FROM BellEquipment.dbo.ModelsCategory WHERE title ='FEL'), 'VT176B'),
((SELECT TOP 1 id FROM BellEquipment.dbo.ModelsCategory WHERE title ='FEL'), 'L1806E'),
((SELECT TOP 1 id FROM BellEquipment.dbo.ModelsCategory WHERE title ='FEL'), 'L1806E DEERE'),
((SELECT TOP 1 id FROM BellEquipment.dbo.ModelsCategory WHERE title ='FEL'), 'L2606D'),
((SELECT TOP 1 id FROM BellEquipment.dbo.ModelsCategory WHERE title ='FEL'), 'L1206A'),
((SELECT TOP 1 id FROM BellEquipment.dbo.ModelsCategory WHERE title ='FEL'), 'L705D'),
((SELECT TOP 1 id FROM BellEquipment.dbo.ModelsCategory WHERE title ='FEL'), 'VT126B'),
((SELECT TOP 1 id FROM BellEquipment.dbo.ModelsCategory WHERE title ='FEL'), 'PARTS WARRANTY - FEL'),
((SELECT TOP 1 id FROM BellEquipment.dbo.ModelsCategory WHERE title ='FEL'), 'L1706E'),
((SELECT TOP 1 id FROM BellEquipment.dbo.ModelsCategory WHERE title ='FEL'), 'L1004E'),
((SELECT TOP 1 id FROM BellEquipment.dbo.ModelsCategory WHERE title ='FEL'), 'L1706D'),
((SELECT TOP 1 id FROM BellEquipment.dbo.ModelsCategory WHERE title ='FEL'), 'L2706D'),
((SELECT TOP 1 id FROM BellEquipment.dbo.ModelsCategory WHERE title ='FEL'), 'L754B FLEXI'),
((SELECT TOP 1 id FROM BellEquipment.dbo.ModelsCategory WHERE title ='FEL'), 'L1204C'),
((SELECT TOP 1 id FROM BellEquipment.dbo.ModelsCategory WHERE title ='FEL'), 'L1706E DEERE'),
((SELECT TOP 1 id FROM BellEquipment.dbo.ModelsCategory WHERE title ='FEL'), 'L1506B'),
((SELECT TOP 1 id FROM BellEquipment.dbo.ModelsCategory WHERE title ='FEL'), 'L1506A'),
((SELECT TOP 1 id FROM BellEquipment.dbo.ModelsCategory WHERE title ='FEL'), 'L1204CII'),
((SELECT TOP 1 id FROM BellEquipment.dbo.ModelsCategory WHERE title ='FEL'), 'L2706E'),
((SELECT TOP 1 id FROM BellEquipment.dbo.ModelsCategory WHERE title ='FEL'), 'L1906B'),
((SELECT TOP 1 id FROM BellEquipment.dbo.ModelsCategory WHERE title ='FEL'), 'L1806D'),
((SELECT TOP 1 id FROM BellEquipment.dbo.ModelsCategory WHERE title ='FEL'), 'L1204E DEERE'),
((SELECT TOP 1 id FROM BellEquipment.dbo.ModelsCategory WHERE title ='FEL'), 'F1204C FLEXI'),
((SELECT TOP 1 id FROM BellEquipment.dbo.ModelsCategory WHERE title ='FEL'), 'L1706B'),
((SELECT TOP 1 id FROM BellEquipment.dbo.ModelsCategory WHERE title ='FEL'), 'L1204D'),
((SELECT TOP 1 id FROM BellEquipment.dbo.ModelsCategory WHERE title ='FEL'), 'L1204E'),
((SELECT TOP 1 id FROM BellEquipment.dbo.ModelsCategory WHERE title ='FEL'), 'L1906C'),
((SELECT TOP 1 id FROM BellEquipment.dbo.ModelsCategory WHERE title ='FEL'), 'L2706E DEERE'),
((SELECT TOP 1 id FROM BellEquipment.dbo.ModelsCategory WHERE title ='FEL'), 'L2606E'),
((SELECT TOP 1 id FROM BellEquipment.dbo.ModelsCategory WHERE title ='FEL'), 'L2208C'),
((SELECT TOP 1 id FROM BellEquipment.dbo.ModelsCategory WHERE title ='FEL'), 'L2106E'),
((SELECT TOP 1 id FROM BellEquipment.dbo.ModelsCategory WHERE title ='FEL'), 'L1806C'),
((SELECT TOP 1 id FROM BellEquipment.dbo.ModelsCategory WHERE title ='FEL'), 'L556 II'),
((SELECT TOP 1 id FROM BellEquipment.dbo.ModelsCategory WHERE title ='FEL'), 'L2306C'),
((SELECT TOP 1 id FROM BellEquipment.dbo.ModelsCategory WHERE title ='FEL'), 'L566'),
((SELECT TOP 1 id FROM BellEquipment.dbo.ModelsCategory WHERE title ='FEL'), 'L1706A'),
((SELECT TOP 1 id FROM BellEquipment.dbo.ModelsCategory WHERE title ='FEL'), 'L2306CII'),
((SELECT TOP 1 id FROM BellEquipment.dbo.ModelsCategory WHERE title ='FEL'), 'L1706 LOW PROFILE FEL'),
((SELECT TOP 1 id FROM BellEquipment.dbo.ModelsCategory WHERE title ='FEL'), 'L2606F PROTOTYPE'),
((SELECT TOP 1 id FROM BellEquipment.dbo.ModelsCategory WHERE title ='FEL'), 'L1706CII'),
((SELECT TOP 1 id FROM BellEquipment.dbo.ModelsCategory WHERE title ='FEL'), 'L1766B'),
((SELECT TOP 1 id FROM BellEquipment.dbo.ModelsCategory WHERE title ='FEL'), 'F1206B FLEXI'),
((SELECT TOP 1 id FROM BellEquipment.dbo.ModelsCategory WHERE title ='FELLER'), '843J'),
((SELECT TOP 1 id FROM BellEquipment.dbo.ModelsCategory WHERE title ='FELLER'), '759J'),
((SELECT TOP 1 id FROM BellEquipment.dbo.ModelsCategory WHERE title ='FELLER'), '759G'),
((SELECT TOP 1 id FROM BellEquipment.dbo.ModelsCategory WHERE title ='FELLER'), '859M'),
((SELECT TOP 1 id FROM BellEquipment.dbo.ModelsCategory WHERE title ='FELLER'), '643J'),
((SELECT TOP 1 id FROM BellEquipment.dbo.ModelsCategory WHERE title ='FORESTRY'), 'SKOGGER'),
((SELECT TOP 1 id FROM BellEquipment.dbo.ModelsCategory WHERE title ='FORESTRY'), 'FASTFELL'),
((SELECT TOP 1 id FROM BellEquipment.dbo.ModelsCategory WHERE title ='FORKLIFT'), 'FD7028'),
((SELECT TOP 1 id FROM BellEquipment.dbo.ModelsCategory WHERE title ='FORKLIFT'), 'CH320'),
((SELECT TOP 1 id FROM BellEquipment.dbo.ModelsCategory WHERE title ='FORKLIFT'), 'CH250'),
((SELECT TOP 1 id FROM BellEquipment.dbo.ModelsCategory WHERE title ='FORKLIFT'), 'FD35T9'),
((SELECT TOP 1 id FROM BellEquipment.dbo.ModelsCategory WHERE title ='FORKLIFT'), 'FD30T3Z'),
((SELECT TOP 1 id FROM BellEquipment.dbo.ModelsCategory WHERE title ='FORKLIFT'), 'FRSB15-6 ELECTRIC'),
((SELECT TOP 1 id FROM BellEquipment.dbo.ModelsCategory WHERE title ='FORKLIFT'), 'FG25T6'),
((SELECT TOP 1 id FROM BellEquipment.dbo.ModelsCategory WHERE title ='FORKLIFT'), 'FD30Z5'),
((SELECT TOP 1 id FROM BellEquipment.dbo.ModelsCategory WHERE title ='FORKLIFT'), 'FD30T6'),
((SELECT TOP 1 id FROM BellEquipment.dbo.ModelsCategory WHERE title ='FORKLIFT'), 'FD35T3Z'),
((SELECT TOP 1 id FROM BellEquipment.dbo.ModelsCategory WHERE title ='FORKLIFT'), 'FD25T3Z'),
((SELECT TOP 1 id FROM BellEquipment.dbo.ModelsCategory WHERE title ='FORKLIFT'), 'FD50T9'),
((SELECT TOP 1 id FROM BellEquipment.dbo.ModelsCategory WHERE title ='FORKLIFT'), 'CH200'),
((SELECT TOP 1 id FROM BellEquipment.dbo.ModelsCategory WHERE title ='FORKLIFT'), 'FD45T9'),
((SELECT TOP 1 id FROM BellEquipment.dbo.ModelsCategory WHERE title ='FORWARDER'), '1410E'),
((SELECT TOP 1 id FROM BellEquipment.dbo.ModelsCategory WHERE title ='FORWARDER'), '1010D 8W'),
((SELECT TOP 1 id FROM BellEquipment.dbo.ModelsCategory WHERE title ='FORWARDER'), '1410D 8W'),
((SELECT TOP 1 id FROM BellEquipment.dbo.ModelsCategory WHERE title ='FORWARDER'), '1710D 8W'),
((SELECT TOP 1 id FROM BellEquipment.dbo.ModelsCategory WHERE title ='FORWARDER'), '1910E 8W'),
((SELECT TOP 1 id FROM BellEquipment.dbo.ModelsCategory WHERE title ='FORWARDER'), '1510E 8W '),
((SELECT TOP 1 id FROM BellEquipment.dbo.ModelsCategory WHERE title ='FORWARDER'), '1410D 6W'),
((SELECT TOP 1 id FROM BellEquipment.dbo.ModelsCategory WHERE title ='GRADER'), '672D'),
((SELECT TOP 1 id FROM BellEquipment.dbo.ModelsCategory WHERE title ='GRADER'), '870D'),
((SELECT TOP 1 id FROM BellEquipment.dbo.ModelsCategory WHERE title ='GRADER'), '772D'),
((SELECT TOP 1 id FROM BellEquipment.dbo.ModelsCategory WHERE title ='GRADER'), '772BH'),
((SELECT TOP 1 id FROM BellEquipment.dbo.ModelsCategory WHERE title ='GRADER'), '670D'),
((SELECT TOP 1 id FROM BellEquipment.dbo.ModelsCategory WHERE title ='GRADER'), '672G'),
((SELECT TOP 1 id FROM BellEquipment.dbo.ModelsCategory WHERE title ='GRADER'), '870G'),
((SELECT TOP 1 id FROM BellEquipment.dbo.ModelsCategory WHERE title ='GRADER'), '770C'),
((SELECT TOP 1 id FROM BellEquipment.dbo.ModelsCategory WHERE title ='GRADER'), '872G'),
((SELECT TOP 1 id FROM BellEquipment.dbo.ModelsCategory WHERE title ='GRADER'), '872D'),
((SELECT TOP 1 id FROM BellEquipment.dbo.ModelsCategory WHERE title ='GRADER'), '670C'),
((SELECT TOP 1 id FROM BellEquipment.dbo.ModelsCategory WHERE title ='GRADER'), '772G'),
((SELECT TOP 1 id FROM BellEquipment.dbo.ModelsCategory WHERE title ='GRADER'), '672B'),
((SELECT TOP 1 id FROM BellEquipment.dbo.ModelsCategory WHERE title ='GRADER'), '670CH'),
((SELECT TOP 1 id FROM BellEquipment.dbo.ModelsCategory WHERE title ='GRADER'), '670G'),
((SELECT TOP 1 id FROM BellEquipment.dbo.ModelsCategory WHERE title ='GRADER'), '770D'),
((SELECT TOP 1 id FROM BellEquipment.dbo.ModelsCategory WHERE title ='GRADER'), '770CH'),
((SELECT TOP 1 id FROM BellEquipment.dbo.ModelsCategory WHERE title ='GRADER'), '770G'),
((SELECT TOP 1 id FROM BellEquipment.dbo.ModelsCategory WHERE title ='HARVESTER'), '1270D'),
((SELECT TOP 1 id FROM BellEquipment.dbo.ModelsCategory WHERE title ='HARVESTER'), '703J'),
((SELECT TOP 1 id FROM BellEquipment.dbo.ModelsCategory WHERE title ='HARVESTER'), '1270B'),
((SELECT TOP 1 id FROM BellEquipment.dbo.ModelsCategory WHERE title ='HARVESTER'), '859MH'),
((SELECT TOP 1 id FROM BellEquipment.dbo.ModelsCategory WHERE title ='HARVESTER'), '703JH'),
((SELECT TOP 1 id FROM BellEquipment.dbo.ModelsCategory WHERE title ='HARVESTER'), '1270E'),
((SELECT TOP 1 id FROM BellEquipment.dbo.ModelsCategory WHERE title ='HARVESTER'), '759JH'),
((SELECT TOP 1 id FROM BellEquipment.dbo.ModelsCategory WHERE title ='HARVESTER'), '753JH'),
((SELECT TOP 1 id FROM BellEquipment.dbo.ModelsCategory WHERE title ='HEAD'), 'H290 HARVESTER HEAD'),
((SELECT TOP 1 id FROM BellEquipment.dbo.ModelsCategory WHERE title ='HEAD'), 'H480 HARVESTER HEAD'),
((SELECT TOP 1 id FROM BellEquipment.dbo.ModelsCategory WHERE title ='HEAD'), 'CUTTING, DISC FD22B'),
((SELECT TOP 1 id FROM BellEquipment.dbo.ModelsCategory WHERE title ='HEAD'), 'HTH622B FORESTRY HEAD'),
((SELECT TOP 1 id FROM BellEquipment.dbo.ModelsCategory WHERE title ='HEAD'), 'FL85 HARVESTER HEAD'),
((SELECT TOP 1 id FROM BellEquipment.dbo.ModelsCategory WHERE title ='HEAD'), 'HTH623 C HARVESTER HEAD'),
((SELECT TOP 1 id FROM BellEquipment.dbo.ModelsCategory WHERE title ='HEAD'), 'HTD316 HARVESTER HEAD'),
((SELECT TOP 1 id FROM BellEquipment.dbo.ModelsCategory WHERE title ='HEAD'), 'STATIC DELIMBER'),
((SELECT TOP 1 id FROM BellEquipment.dbo.ModelsCategory WHERE title ='HEAD'), 'GRAPPLE MT360 - W/O DAMPER'),
((SELECT TOP 1 id FROM BellEquipment.dbo.ModelsCategory WHERE title ='HEAD'), 'HTH616 C HARVESTER HEAD'),
((SELECT TOP 1 id FROM BellEquipment.dbo.ModelsCategory WHERE title ='HEAD'), '316C DEBARKING HEAD'),
((SELECT TOP 1 id FROM BellEquipment.dbo.ModelsCategory WHERE title ='HEAD'), 'HTH616 S HARVESTER HEAD'),
((SELECT TOP 1 id FROM BellEquipment.dbo.ModelsCategory WHERE title ='HEAD'), 'HTH618C DEBARKER / DELIMBER HEAD'),
((SELECT TOP 1 id FROM BellEquipment.dbo.ModelsCategory WHERE title ='HEAD'), 'CUTTING, DISC FS20'),
((SELECT TOP 1 id FROM BellEquipment.dbo.ModelsCategory WHERE title ='HEAD'), 'HTH616 HEAD'),
((SELECT TOP 1 id FROM BellEquipment.dbo.ModelsCategory WHERE title ='HEAD'), 'GRAPPLE MT360'),
((SELECT TOP 1 id FROM BellEquipment.dbo.ModelsCategory WHERE title ='HEAD'), 'CUTTING, DISC FD45'),
((SELECT TOP 1 id FROM BellEquipment.dbo.ModelsCategory WHERE title ='HEAD'), '270E HARVESTER HEAD'),
((SELECT TOP 1 id FROM BellEquipment.dbo.ModelsCategory WHERE title ='LOADER'), '437C KNUCKLEBOOM LOADER'),
((SELECT TOP 1 id FROM BellEquipment.dbo.ModelsCategory WHERE title ='LOADER'), 'ULTECO5 SUGAR CANE SLEW LOADER'),
((SELECT TOP 1 id FROM BellEquipment.dbo.ModelsCategory WHERE title ='LOADER'), '2254'),
((SELECT TOP 1 id FROM BellEquipment.dbo.ModelsCategory WHERE title ='LOADER'), 'ULTECO6 SUGAR CANE SLEW LOADER'),
((SELECT TOP 1 id FROM BellEquipment.dbo.ModelsCategory WHERE title ='PLANER'), 'BM1000 /35'),
((SELECT TOP 1 id FROM BellEquipment.dbo.ModelsCategory WHERE title ='PLANER'), 'BM 1500/50'),
((SELECT TOP 1 id FROM BellEquipment.dbo.ModelsCategory WHERE title ='PLANER'), 'BM 2000/50'),
((SELECT TOP 1 id FROM BellEquipment.dbo.ModelsCategory WHERE title ='PLANER'), 'BM 2000/60'),
((SELECT TOP 1 id FROM BellEquipment.dbo.ModelsCategory WHERE title ='PLANER'), 'BM 1200/30'),
((SELECT TOP 1 id FROM BellEquipment.dbo.ModelsCategory WHERE title ='PLANER'), 'BM 1000 - 1300/31'),
((SELECT TOP 1 id FROM BellEquipment.dbo.ModelsCategory WHERE title ='PLATE'), 'BPR 35/60 D'),
((SELECT TOP 1 id FROM BellEquipment.dbo.ModelsCategory WHERE title ='PLATE'), 'BVP 18/45-2'),
((SELECT TOP 1 id FROM BellEquipment.dbo.ModelsCategory WHERE title ='PLATE'), 'BPR 65/70'),
((SELECT TOP 1 id FROM BellEquipment.dbo.ModelsCategory WHERE title ='PLATE'), 'BPR 35/60 PETROL'),
((SELECT TOP 1 id FROM BellEquipment.dbo.ModelsCategory WHERE title ='PLATE'), 'BPR 30/38 D'),
((SELECT TOP 1 id FROM BellEquipment.dbo.ModelsCategory WHERE title ='RIGID HAULER'), '1226A'),
((SELECT TOP 1 id FROM BellEquipment.dbo.ModelsCategory WHERE title ='RIGID HAULER'), '1214A'),
((SELECT TOP 1 id FROM BellEquipment.dbo.ModelsCategory WHERE title ='RIGID HAULER'), '1226M'),
((SELECT TOP 1 id FROM BellEquipment.dbo.ModelsCategory WHERE title ='RIGID HAULER'), '2134A'),
((SELECT TOP 1 id FROM BellEquipment.dbo.ModelsCategory WHERE title ='RIGID HAULER'), '2706TL AND 2706TLR HAULER'),
((SELECT TOP 1 id FROM BellEquipment.dbo.ModelsCategory WHERE title ='RIGID HAULER'), '1716 4WD'),
((SELECT TOP 1 id FROM BellEquipment.dbo.ModelsCategory WHERE title ='RIGID HAULER'), '754'),
((SELECT TOP 1 id FROM BellEquipment.dbo.ModelsCategory WHERE title ='RIGID HAULER'), '1216A'),
((SELECT TOP 1 id FROM BellEquipment.dbo.ModelsCategory WHERE title ='RIGID HAULER'), '2256A'),
((SELECT TOP 1 id FROM BellEquipment.dbo.ModelsCategory WHERE title ='RIGID HAULER'), '1226MF'),
((SELECT TOP 1 id FROM BellEquipment.dbo.ModelsCategory WHERE title ='RIGID HAULER'), '1206A'),
((SELECT TOP 1 id FROM BellEquipment.dbo.ModelsCategory WHERE title ='RIGID HAULER'), '2056TL 4WD'),
((SELECT TOP 1 id FROM BellEquipment.dbo.ModelsCategory WHERE title ='RIGID HAULER'), '1216AF'),
((SELECT TOP 1 id FROM BellEquipment.dbo.ModelsCategory WHERE title ='RIGID HAULER'), '1756TL 2WD'),
((SELECT TOP 1 id FROM BellEquipment.dbo.ModelsCategory WHERE title ='RIGID HAULER'), '1866M'),
((SELECT TOP 1 id FROM BellEquipment.dbo.ModelsCategory WHERE title ='RIGID HAULER'), 'PARTS WARRANTY - BHT'),
((SELECT TOP 1 id FROM BellEquipment.dbo.ModelsCategory WHERE title ='RIGID HAULER'), '2406TLR'),
((SELECT TOP 1 id FROM BellEquipment.dbo.ModelsCategory WHERE title ='RIGID HAULER'), '904A'),
((SELECT TOP 1 id FROM BellEquipment.dbo.ModelsCategory WHERE title ='RIGID HAULER'), '1005'),
((SELECT TOP 1 id FROM BellEquipment.dbo.ModelsCategory WHERE title ='RIGID HAULER'), '904'),
((SELECT TOP 1 id FROM BellEquipment.dbo.ModelsCategory WHERE title ='RIGID HAULER'), '1866AF'),
((SELECT TOP 1 id FROM BellEquipment.dbo.ModelsCategory WHERE title ='RIGID HAULER'), '904AF'),
((SELECT TOP 1 id FROM BellEquipment.dbo.ModelsCategory WHERE title ='RIGID HAULER'), '904A MKII'),
((SELECT TOP 1 id FROM BellEquipment.dbo.ModelsCategory WHERE title ='RIGID HAULER'), '1464A'),
((SELECT TOP 1 id FROM BellEquipment.dbo.ModelsCategory WHERE title ='RIGID HAULER'), '2134AF'),
((SELECT TOP 1 id FROM BellEquipment.dbo.ModelsCategory WHERE title ='RIGID HAULER'), '1206F'),
((SELECT TOP 1 id FROM BellEquipment.dbo.ModelsCategory WHERE title ='RIGID HAULER'), '1716 2WD'),
((SELECT TOP 1 id FROM BellEquipment.dbo.ModelsCategory WHERE title ='RIGID HAULER'), '1866A'),
((SELECT TOP 1 id FROM BellEquipment.dbo.ModelsCategory WHERE title ='RIGID HAULER'), '1766A'),
((SELECT TOP 1 id FROM BellEquipment.dbo.ModelsCategory WHERE title ='RIGID HAULER'), '1734A'),
((SELECT TOP 1 id FROM BellEquipment.dbo.ModelsCategory WHERE title ='RIGID HAULER'), '1736AF'),
((SELECT TOP 1 id FROM BellEquipment.dbo.ModelsCategory WHERE title ='RIGID HAULER'), '1226AF'),
((SELECT TOP 1 id FROM BellEquipment.dbo.ModelsCategory WHERE title ='RIGID HAULER'), '1766TL'),
((SELECT TOP 1 id FROM BellEquipment.dbo.ModelsCategory WHERE title ='RIGID HAULER'), '1214AF'),
((SELECT TOP 1 id FROM BellEquipment.dbo.ModelsCategory WHERE title ='RIGID HAULER'), '1766AF'),
((SELECT TOP 1 id FROM BellEquipment.dbo.ModelsCategory WHERE title ='RIGID HAULER'), '1734AF'),
((SELECT TOP 1 id FROM BellEquipment.dbo.ModelsCategory WHERE title ='RIGID HAULER'), '1206G'),
((SELECT TOP 1 id FROM BellEquipment.dbo.ModelsCategory WHERE title ='RIGID HAULER'), '1736A'),
((SELECT TOP 1 id FROM BellEquipment.dbo.ModelsCategory WHERE title ='RIGID HAULER'), '2306TL 2WD'),
((SELECT TOP 1 id FROM BellEquipment.dbo.ModelsCategory WHERE title ='RIGID HAULER'), '1464AF'),
((SELECT TOP 1 id FROM BellEquipment.dbo.ModelsCategory WHERE title ='RIGID HAULER'), '1756TL 4WD'),
((SELECT TOP 1 id FROM BellEquipment.dbo.ModelsCategory WHERE title ='RIGID HAULER'), '2056LR'),
((SELECT TOP 1 id FROM BellEquipment.dbo.ModelsCategory WHERE title ='RIGID HAULER'), '1766B'),
((SELECT TOP 1 id FROM BellEquipment.dbo.ModelsCategory WHERE title ='RIGID HAULER'), '1866MF'),
((SELECT TOP 1 id FROM BellEquipment.dbo.ModelsCategory WHERE title ='RIGID HAULER'), '1756F 4WD'),
((SELECT TOP 1 id FROM BellEquipment.dbo.ModelsCategory WHERE title ='RIGID HAULER'), '1766G'),
((SELECT TOP 1 id FROM BellEquipment.dbo.ModelsCategory WHERE title ='Rigid Tipper'), '65201-LHD'),
((SELECT TOP 1 id FROM BellEquipment.dbo.ModelsCategory WHERE title ='Rigid Tipper'), '65222-LHD'),
((SELECT TOP 1 id FROM BellEquipment.dbo.ModelsCategory WHERE title ='Rigid Tipper'), '6520-LHD'),
((SELECT TOP 1 id FROM BellEquipment.dbo.ModelsCategory WHERE title ='Rigid Tipper'), '65115-LHD'),
((SELECT TOP 1 id FROM BellEquipment.dbo.ModelsCategory WHERE title ='ROLLER'), 'BW 190 AD-4 AM'),
((SELECT TOP 1 id FROM BellEquipment.dbo.ModelsCategory WHERE title ='ROLLER'), 'BW 161 AD-4 CANOPY'),
((SELECT TOP 1 id FROM BellEquipment.dbo.ModelsCategory WHERE title ='ROLLER'), 'BW 212 DH-3'),
((SELECT TOP 1 id FROM BellEquipment.dbo.ModelsCategory WHERE title ='ROLLER'), 'BW 177 D-4 CANOPY'),
((SELECT TOP 1 id FROM BellEquipment.dbo.ModelsCategory WHERE title ='ROLLER'), 'BW 216 D-40 SMOOTH DRUM'),
((SELECT TOP 1 id FROM BellEquipment.dbo.ModelsCategory WHERE title ='ROLLER'), 'BW 138 AD-5'),
((SELECT TOP 1 id FROM BellEquipment.dbo.ModelsCategory WHERE title ='ROLLER'), 'BW 120 AD-4'),
((SELECT TOP 1 id FROM BellEquipment.dbo.ModelsCategory WHERE title ='ROLLER'), 'BW 177 D-4 CAB'),
((SELECT TOP 1 id FROM BellEquipment.dbo.ModelsCategory WHERE title ='ROLLER'), 'BW 65 S-2 WB'),
((SELECT TOP 1 id FROM BellEquipment.dbo.ModelsCategory WHERE title ='ROLLER'), 'BW 216 DHC-3'),
((SELECT TOP 1 id FROM BellEquipment.dbo.ModelsCategory WHERE title ='ROLLER'), 'BW 211 PD-40 CAB PAD FOOT'),
((SELECT TOP 1 id FROM BellEquipment.dbo.ModelsCategory WHERE title ='ROLLER'), 'BW 138 AC-5'),
((SELECT TOP 1 id FROM BellEquipment.dbo.ModelsCategory WHERE title ='ROLLER'), 'BW 213 DH-3 BVC'),
((SELECT TOP 1 id FROM BellEquipment.dbo.ModelsCategory WHERE title ='ROLLER'), 'BW 211 PD-40 CANOPY PAD FOOT'),
((SELECT TOP 1 id FROM BellEquipment.dbo.ModelsCategory WHERE title ='ROLLER'), 'BW 61 S'),
((SELECT TOP 1 id FROM BellEquipment.dbo.ModelsCategory WHERE title ='ROLLER'), 'BW 120 AD-5'),
((SELECT TOP 1 id FROM BellEquipment.dbo.ModelsCategory WHERE title ='ROLLER'), 'BW 219 DH-3 SMOOTH'),
((SELECT TOP 1 id FROM BellEquipment.dbo.ModelsCategory WHERE title ='ROLLER'), 'BW 90 AD-2'),
((SELECT TOP 1 id FROM BellEquipment.dbo.ModelsCategory WHERE title ='ROLLER'), 'BW 214 PDH-3'),
((SELECT TOP 1 id FROM BellEquipment.dbo.ModelsCategory WHERE title ='ROLLER'), 'BW 90 AD-5'),
((SELECT TOP 1 id FROM BellEquipment.dbo.ModelsCategory WHERE title ='ROLLER'), 'BW 213 DH-2'),
((SELECT TOP 1 id FROM BellEquipment.dbo.ModelsCategory WHERE title ='ROLLER'), 'BW 90 AC-2 COMBINATION ROLLER'),
((SELECT TOP 1 id FROM BellEquipment.dbo.ModelsCategory WHERE title ='ROLLER'), 'BW 75 S-2'),
((SELECT TOP 1 id FROM BellEquipment.dbo.ModelsCategory WHERE title ='ROLLER'), 'BW 213 D-40 CANOPY SMOOTH DRUM'),
((SELECT TOP 1 id FROM BellEquipment.dbo.ModelsCategory WHERE title ='ROLLER'), 'BW 100 AD-3'),
((SELECT TOP 1 id FROM BellEquipment.dbo.ModelsCategory WHERE title ='ROLLER'), 'BW 151 AD-4 CAB'),
((SELECT TOP 1 id FROM BellEquipment.dbo.ModelsCategory WHERE title ='ROLLER'), 'BW 900-50'),
((SELECT TOP 1 id FROM BellEquipment.dbo.ModelsCategory WHERE title ='ROLLER'), 'BW 213 BVC-5'),
((SELECT TOP 1 id FROM BellEquipment.dbo.ModelsCategory WHERE title ='ROLLER'), 'BW 216 D-40 CAB SMOOTH DRUM'),
((SELECT TOP 1 id FROM BellEquipment.dbo.ModelsCategory WHERE title ='ROLLER'), 'BW 211/212 PADFOOT SHELL'),
((SELECT TOP 1 id FROM BellEquipment.dbo.ModelsCategory WHERE title ='ROLLER'), 'BW 65 H WB'),
((SELECT TOP 1 id FROM BellEquipment.dbo.ModelsCategory WHERE title ='ROLLER'), 'BW 141 AD-50 CANOPY'),
((SELECT TOP 1 id FROM BellEquipment.dbo.ModelsCategory WHERE title ='ROLLER'), 'BW 151 AD-50'),
((SELECT TOP 1 id FROM BellEquipment.dbo.ModelsCategory WHERE title ='ROLLER'), 'BW 120 AC-5'),
((SELECT TOP 1 id FROM BellEquipment.dbo.ModelsCategory WHERE title ='ROLLER'), 'BW 211 D-40 CAB SMOOTH DRUM'),
((SELECT TOP 1 id FROM BellEquipment.dbo.ModelsCategory WHERE title ='ROLLER'), 'BW 226 DH-4 BVC'),
((SELECT TOP 1 id FROM BellEquipment.dbo.ModelsCategory WHERE title ='ROLLER'), 'BW 212 D-40 CANOPY SMOOTH DRUM'),
((SELECT TOP 1 id FROM BellEquipment.dbo.ModelsCategory WHERE title ='ROLLER'), 'BW 212 D-3 CANOPY SMOOTH'),
((SELECT TOP 1 id FROM BellEquipment.dbo.ModelsCategory WHERE title ='ROLLER'), 'BMP 851'),
((SELECT TOP 1 id FROM BellEquipment.dbo.ModelsCategory WHERE title ='ROLLER'), 'BW 190 AD-4'),
((SELECT TOP 1 id FROM BellEquipment.dbo.ModelsCategory WHERE title ='ROLLER'), 'AW1120'),
((SELECT TOP 1 id FROM BellEquipment.dbo.ModelsCategory WHERE title ='ROLLER'), 'BW 125 AC-4'),
((SELECT TOP 1 id FROM BellEquipment.dbo.ModelsCategory WHERE title ='ROLLER'), 'BW 219 PD-4 CAB PADFOOT'),
((SELECT TOP 1 id FROM BellEquipment.dbo.ModelsCategory WHERE title ='ROLLER'), 'BW 100'),
((SELECT TOP 1 id FROM BellEquipment.dbo.ModelsCategory WHERE title ='ROLLER'), 'BW 202 AD-50 CAB SMOOTH DRUM'),
((SELECT TOP 1 id FROM BellEquipment.dbo.ModelsCategory WHERE title ='ROLLER'), 'BW 216 D-40 CANOPY SMOOTH DRUM'),
((SELECT TOP 1 id FROM BellEquipment.dbo.ModelsCategory WHERE title ='ROLLER'), 'BW 161 ADO-50'),
((SELECT TOP 1 id FROM BellEquipment.dbo.ModelsCategory WHERE title ='ROLLER'), 'BW 151 AD-4 AM CAB'),
((SELECT TOP 1 id FROM BellEquipment.dbo.ModelsCategory WHERE title ='ROLLER'), 'BW 226 RC-4 BVC (DRUM ONLY)'),
((SELECT TOP 1 id FROM BellEquipment.dbo.ModelsCategory WHERE title ='ROLLER'), 'BW 172 D-2'),
((SELECT TOP 1 id FROM BellEquipment.dbo.ModelsCategory WHERE title ='ROLLER'), 'BW 202 ADO-50'),
((SELECT TOP 1 id FROM BellEquipment.dbo.ModelsCategory WHERE title ='ROLLER'), 'BW 151 AD-4 AM CANOPY'),
((SELECT TOP 1 id FROM BellEquipment.dbo.ModelsCategory WHERE title ='ROLLER'), 'BW 213 PD-40 CANOPY PAD FOOT'),
((SELECT TOP 1 id FROM BellEquipment.dbo.ModelsCategory WHERE title ='ROLLER'), 'BW 219 D-4 CANOPY SMOOTH DRUM'),
((SELECT TOP 1 id FROM BellEquipment.dbo.ModelsCategory WHERE title ='ROLLER'), 'BW 172 AD-2'),
((SELECT TOP 1 id FROM BellEquipment.dbo.ModelsCategory WHERE title ='ROLLER'), 'BW 80 AD-2'),
((SELECT TOP 1 id FROM BellEquipment.dbo.ModelsCategory WHERE title ='ROLLER'), 'BW 213 DH-3'),
((SELECT TOP 1 id FROM BellEquipment.dbo.ModelsCategory WHERE title ='ROLLER'), 'BW 216 D-3'),
((SELECT TOP 1 id FROM BellEquipment.dbo.ModelsCategory WHERE title ='ROLLER'), 'BW 27 RH CAB'),
((SELECT TOP 1 id FROM BellEquipment.dbo.ModelsCategory WHERE title ='ROLLER'), 'AW1200'),
((SELECT TOP 1 id FROM BellEquipment.dbo.ModelsCategory WHERE title ='ROLLER'), 'BW 213 D-40 CAB SMOOTH DRUM'),
((SELECT TOP 1 id FROM BellEquipment.dbo.ModelsCategory WHERE title ='ROLLER'), 'BW 120 AD-3'),
((SELECT TOP 1 id FROM BellEquipment.dbo.ModelsCategory WHERE title ='ROLLER'), 'BW 219 PDH-4 CAB PAD FOOT'),
((SELECT TOP 1 id FROM BellEquipment.dbo.ModelsCategory WHERE title ='ROLLER'), 'BMP 8500'),
((SELECT TOP 1 id FROM BellEquipment.dbo.ModelsCategory WHERE title ='ROLLER'), 'BW 219 D-4 CAB SMOOTH DRUM'),
((SELECT TOP 1 id FROM BellEquipment.dbo.ModelsCategory WHERE title ='ROLLER'), 'BW 226 DH-4'),
((SELECT TOP 1 id FROM BellEquipment.dbo.ModelsCategory WHERE title ='ROLLER'), 'T15'),
((SELECT TOP 1 id FROM BellEquipment.dbo.ModelsCategory WHERE title ='ROLLER'), 'BW 27 RH CANOPY'),
((SELECT TOP 1 id FROM BellEquipment.dbo.ModelsCategory WHERE title ='ROLLER'), 'BW 161 AD-4 CAB'),
((SELECT TOP 1 id FROM BellEquipment.dbo.ModelsCategory WHERE title ='ROLLER'), 'BW 212 D-40 CAB SMOOTH DRUM'),
((SELECT TOP 1 id FROM BellEquipment.dbo.ModelsCategory WHERE title ='ROLLER'), 'BW 212 D-3 CAB SMOOTH'),
((SELECT TOP 1 id FROM BellEquipment.dbo.ModelsCategory WHERE title ='ROLLER'), 'BW 213 DH-4 BVC CANOPY'),
((SELECT TOP 1 id FROM BellEquipment.dbo.ModelsCategory WHERE title ='ROLLER'), 'BW 138 AC'),
((SELECT TOP 1 id FROM BellEquipment.dbo.ModelsCategory WHERE title ='ROLLER'), 'BW 24 RH CANOPY'),
((SELECT TOP 1 id FROM BellEquipment.dbo.ModelsCategory WHERE title ='ROLLER'), 'BW 212 D-2 CAB SMOOTH '),
((SELECT TOP 1 id FROM BellEquipment.dbo.ModelsCategory WHERE title ='ROLLER'), 'BW 219 DH-4'),
((SELECT TOP 1 id FROM BellEquipment.dbo.ModelsCategory WHERE title ='ROLLER'), 'BW 212 PD-40 CAB PAD FOOT'),
((SELECT TOP 1 id FROM BellEquipment.dbo.ModelsCategory WHERE title ='ROLLER'), 'BW 138 AD-4'),
((SELECT TOP 1 id FROM BellEquipment.dbo.ModelsCategory WHERE title ='ROLLER'), 'BW 55 E'),
((SELECT TOP 1 id FROM BellEquipment.dbo.ModelsCategory WHERE title ='ROLLER'), 'BW 151 AD-4 CANOPY'),
((SELECT TOP 1 id FROM BellEquipment.dbo.ModelsCategory WHERE title ='ROLLER'), 'BW 141 AD-50 CAB'),
((SELECT TOP 1 id FROM BellEquipment.dbo.ModelsCategory WHERE title ='ROLLER'), 'BW 75 H WB'),
((SELECT TOP 1 id FROM BellEquipment.dbo.ModelsCategory WHERE title ='ROLLER'), 'BW 135 AD'),
((SELECT TOP 1 id FROM BellEquipment.dbo.ModelsCategory WHERE title ='ROLLER'), 'BW 212 PD-40 CANOPY PAD FOOT'),
((SELECT TOP 1 id FROM BellEquipment.dbo.ModelsCategory WHERE title ='ROLLER'), 'AW1100'),
((SELECT TOP 1 id FROM BellEquipment.dbo.ModelsCategory WHERE title ='ROLLER'), 'BW 151 AC'),
((SELECT TOP 1 id FROM BellEquipment.dbo.ModelsCategory WHERE title ='ROLLER'), 'BW 211 D-40 CANOPY SMOOTH DRUM'),
((SELECT TOP 1 id FROM BellEquipment.dbo.ModelsCategory WHERE title ='ROLLER'), 'BW 213 PD-40 CAB PAD FOOT'),
((SELECT TOP 1 id FROM BellEquipment.dbo.ModelsCategory WHERE title ='ROLLER'), 'BW 24 RH CAB'),
((SELECT TOP 1 id FROM BellEquipment.dbo.ModelsCategory WHERE title ='ROLLER'), 'BW 6'),
((SELECT TOP 1 id FROM BellEquipment.dbo.ModelsCategory WHERE title ='ROLLER'), 'BW 213 DH-4 BVC CAB'),
((SELECT TOP 1 id FROM BellEquipment.dbo.ModelsCategory WHERE title ='ROLLER'), 'BW 62 H'),
((SELECT TOP 1 id FROM BellEquipment.dbo.ModelsCategory WHERE title ='ROLLER'), 'BW 71 E'),
((SELECT TOP 1 id FROM BellEquipment.dbo.ModelsCategory WHERE title ='ROLLER'), 'BW 219 PD-4 CANOPY PADFOOT DRUM'),
((SELECT TOP 1 id FROM BellEquipment.dbo.ModelsCategory WHERE title ='ROLLER'), 'BW 212 D-30 SMOOTH DRUM'),
((SELECT TOP 1 id FROM BellEquipment.dbo.ModelsCategory WHERE title ='ROLLER'), 'BW 80 D-5'),
((SELECT TOP 1 id FROM BellEquipment.dbo.ModelsCategory WHERE title ='ROLLER'), 'BW 226 DI-4 BVC'),
((SELECT TOP 1 id FROM BellEquipment.dbo.ModelsCategory WHERE title ='SCRAPER'), 'SPC17'),
((SELECT TOP 1 id FROM BellEquipment.dbo.ModelsCategory WHERE title ='SCRAPER'), 'SPD18'),
((SELECT TOP 1 id FROM BellEquipment.dbo.ModelsCategory WHERE title ='SCREEN'), '310 MOBILE HYDRASCREEN'),
((SELECT TOP 1 id FROM BellEquipment.dbo.ModelsCategory WHERE title ='SCREEN'), '883+ HEAVY DUTY, TRACKED'),
((SELECT TOP 1 id FROM BellEquipment.dbo.ModelsCategory WHERE title ='SCREEN'), '393 MOBILE HYDRASCREEN'),
((SELECT TOP 1 id FROM BellEquipment.dbo.ModelsCategory WHERE title ='SCREEN'), '390 HYDRATRAK SCREEN'),
((SELECT TOP 1 id FROM BellEquipment.dbo.ModelsCategory WHERE title ='SCREEN'), '684 6 SERIES, MOBILE'),
((SELECT TOP 1 id FROM BellEquipment.dbo.ModelsCategory WHERE title ='SCREEN'), '312 HYDRATRAK SCREEN'),
((SELECT TOP 1 id FROM BellEquipment.dbo.ModelsCategory WHERE title ='SCREEN'), '663 6 SERIES, MOBILE'),
((SELECT TOP 1 id FROM BellEquipment.dbo.ModelsCategory WHERE title ='SCREEN'), '863 HEAVY DUTY, TRACKED'),
((SELECT TOP 1 id FROM BellEquipment.dbo.ModelsCategory WHERE title ='SCREEN'), '683 6 SERIES, MOBILE'),
((SELECT TOP 1 id FROM BellEquipment.dbo.ModelsCategory WHERE title ='SCREEN'), '893 HEAVY DUTY, TRACKED'),
((SELECT TOP 1 id FROM BellEquipment.dbo.ModelsCategory WHERE title ='SCREEN'), '694+ 6 SERIES, MOBILE'),
((SELECT TOP 1 id FROM BellEquipment.dbo.ModelsCategory WHERE title ='SCREEN'), '4030 WHEELED MOBILE SCREEN'),
((SELECT TOP 1 id FROM BellEquipment.dbo.ModelsCategory WHERE title ='SCREEN'), '693+ 6 SERIES, MOBILE'),
((SELECT TOP 1 id FROM BellEquipment.dbo.ModelsCategory WHERE title ='SCREEN'), '303 MOBILE HYDRASCREEN'),
((SELECT TOP 1 id FROM BellEquipment.dbo.ModelsCategory WHERE title ='SCREEN'), '595 HYDRATRAK SCREEN'),
((SELECT TOP 1 id FROM BellEquipment.dbo.ModelsCategory WHERE title ='SCREEN'), '778 HEAVY DUTY, TRACKED TROMMEL'),
((SELECT TOP 1 id FROM BellEquipment.dbo.ModelsCategory WHERE title ='SCREEN'), '984 3 DECK, TRACKED'),
((SELECT TOP 1 id FROM BellEquipment.dbo.ModelsCategory WHERE title ='SCREEN'), '883 HEAVY DUTY, TRACKED'),
((SELECT TOP 1 id FROM BellEquipment.dbo.ModelsCategory WHERE title ='SKID STEER'), 'SL483'),
((SELECT TOP 1 id FROM BellEquipment.dbo.ModelsCategory WHERE title ='SKID STEER'), '709 '),
((SELECT TOP 1 id FROM BellEquipment.dbo.ModelsCategory WHERE title ='SKIDDER'), '380C'),
((SELECT TOP 1 id FROM BellEquipment.dbo.ModelsCategory WHERE title ='SKIDDER'), '460D'),
((SELECT TOP 1 id FROM BellEquipment.dbo.ModelsCategory WHERE title ='SKIDDER'), '640L'),
((SELECT TOP 1 id FROM BellEquipment.dbo.ModelsCategory WHERE title ='SKIDDER'), '648H'),
((SELECT TOP 1 id FROM BellEquipment.dbo.ModelsCategory WHERE title ='SKIDDER'), '540G III'),
((SELECT TOP 1 id FROM BellEquipment.dbo.ModelsCategory WHERE title ='SKIDDER'), '740G'),
((SELECT TOP 1 id FROM BellEquipment.dbo.ModelsCategory WHERE title ='SKIDDER'), '548G III'),
((SELECT TOP 1 id FROM BellEquipment.dbo.ModelsCategory WHERE title ='SKIDDER'), '648G III'),
((SELECT TOP 1 id FROM BellEquipment.dbo.ModelsCategory WHERE title ='SKIDDER'), '640G III'),
((SELECT TOP 1 id FROM BellEquipment.dbo.ModelsCategory WHERE title ='SKIDDER'), '640H'),
((SELECT TOP 1 id FROM BellEquipment.dbo.ModelsCategory WHERE title ='SKIDDER'), '648L'),
((SELECT TOP 1 id FROM BellEquipment.dbo.ModelsCategory WHERE title ='SKIDDER'), '360D'),
((SELECT TOP 1 id FROM BellEquipment.dbo.ModelsCategory WHERE title ='SKIDDER'), '748G'),
((SELECT TOP 1 id FROM BellEquipment.dbo.ModelsCategory WHERE title ='SKIDDER'), '317 SKIDDER'),
((SELECT TOP 1 id FROM BellEquipment.dbo.ModelsCategory WHERE title ='SPREADER'), 'BS 12000 ADDITIVE SPREADER'),
((SELECT TOP 1 id FROM BellEquipment.dbo.ModelsCategory WHERE title ='SPREADER'), 'BS 10000 ADDITIVE SPREADER'),
((SELECT TOP 1 id FROM BellEquipment.dbo.ModelsCategory WHERE title ='TAMPER'), 'BT 65'),
((SELECT TOP 1 id FROM BellEquipment.dbo.ModelsCategory WHERE title ='TAMPER'), 'BT 65/4'),
((SELECT TOP 1 id FROM BellEquipment.dbo.ModelsCategory WHERE title ='TAMPER'), 'BT 80 D'),
((SELECT TOP 1 id FROM BellEquipment.dbo.ModelsCategory WHERE title ='TLB'), 'PARTS WARRANTY - BTLB'),
((SELECT TOP 1 id FROM BellEquipment.dbo.ModelsCategory WHERE title ='TLB'), '315SJ 4X4 DEERE TRINTRAC'),
((SELECT TOP 1 id FROM BellEquipment.dbo.ModelsCategory WHERE title ='TLB'), '315SE 4X4'),
((SELECT TOP 1 id FROM BellEquipment.dbo.ModelsCategory WHERE title ='TLB'), '310D 4X4'),
((SELECT TOP 1 id FROM BellEquipment.dbo.ModelsCategory WHERE title ='TLB'), '310SE 4X4'),
((SELECT TOP 1 id FROM BellEquipment.dbo.ModelsCategory WHERE title ='TLB'), '315SJ 4X4 MKII'),
((SELECT TOP 1 id FROM BellEquipment.dbo.ModelsCategory WHERE title ='TLB'), '924J'),
((SELECT TOP 1 id FROM BellEquipment.dbo.ModelsCategory WHERE title ='TLB'), '310SG 4X4'),
((SELECT TOP 1 id FROM BellEquipment.dbo.ModelsCategory WHERE title ='TLB'), '914J'),
((SELECT TOP 1 id FROM BellEquipment.dbo.ModelsCategory WHERE title ='TLB'), '315SL 4X4'),
((SELECT TOP 1 id FROM BellEquipment.dbo.ModelsCategory WHERE title ='TLB'), '315SE 4X2'),
((SELECT TOP 1 id FROM BellEquipment.dbo.ModelsCategory WHERE title ='TLB'), '315SJ 4X4 PILOT'),
((SELECT TOP 1 id FROM BellEquipment.dbo.ModelsCategory WHERE title ='TLB'), '315SK 4X4 MKI'),
((SELECT TOP 1 id FROM BellEquipment.dbo.ModelsCategory WHERE title ='TLB'), '315SJ 4X2 MKII'),
((SELECT TOP 1 id FROM BellEquipment.dbo.ModelsCategory WHERE title ='TLB'), '315SG 4X4'),
((SELECT TOP 1 id FROM BellEquipment.dbo.ModelsCategory WHERE title ='TLB'), '315SK 4X4 WORK PRO'),
((SELECT TOP 1 id FROM BellEquipment.dbo.ModelsCategory WHERE title ='TLB'), '315SK 4X2 MKI'),
((SELECT TOP 1 id FROM BellEquipment.dbo.ModelsCategory WHERE title ='TLB'), '310SG 4X2'),
((SELECT TOP 1 id FROM BellEquipment.dbo.ModelsCategory WHERE title ='TLB'), '315SJ 4X4 WORK PRO'),
((SELECT TOP 1 id FROM BellEquipment.dbo.ModelsCategory WHERE title ='TLB'), '315D 4X4'),
((SELECT TOP 1 id FROM BellEquipment.dbo.ModelsCategory WHERE title ='TLB'), '315SL'),
((SELECT TOP 1 id FROM BellEquipment.dbo.ModelsCategory WHERE title ='TLB'), '310D 4X2'),
((SELECT TOP 1 id FROM BellEquipment.dbo.ModelsCategory WHERE title ='TLB'), '310SE 4X2'),
((SELECT TOP 1 id FROM BellEquipment.dbo.ModelsCategory WHERE title ='TLB'), '315SG 4X2'),
((SELECT TOP 1 id FROM BellEquipment.dbo.ModelsCategory WHERE title ='TLB'), '315SJ 4X4'),
((SELECT TOP 1 id FROM BellEquipment.dbo.ModelsCategory WHERE title ='TLB'), '315SJ 4X2'),
((SELECT TOP 1 id FROM BellEquipment.dbo.ModelsCategory WHERE title ='TLB'), '315D 4X2'),
((SELECT TOP 1 id FROM BellEquipment.dbo.ModelsCategory WHERE title ='TRAILER'), '21M� BOTTOM DUMPER - GOOSENECK'),
((SELECT TOP 1 id FROM BellEquipment.dbo.ModelsCategory WHERE title ='TRAILER'), 'SAW LOG - 15T'),
((SELECT TOP 1 id FROM BellEquipment.dbo.ModelsCategory WHERE title ='TRAILER'), '11M� DUMPER'),
((SELECT TOP 1 id FROM BellEquipment.dbo.ModelsCategory WHERE title ='TRAILER'), 'CANE TRAILER - BASKET'),
((SELECT TOP 1 id FROM BellEquipment.dbo.ModelsCategory WHERE title ='TRAILER'), 'SAW LOG - FLAT DECK'),
((SELECT TOP 1 id FROM BellEquipment.dbo.ModelsCategory WHERE title ='TRAILER'), '12M� BOTTOM DUMPER - GOOSENECK'),
((SELECT TOP 1 id FROM BellEquipment.dbo.ModelsCategory WHERE title ='TRAILER'), 'PUP TRAILER - T17'),
((SELECT TOP 1 id FROM BellEquipment.dbo.ModelsCategory WHERE title ='TRAILER'), 'CANE TRAILER - STD - NON SPILL'),
((SELECT TOP 1 id FROM BellEquipment.dbo.ModelsCategory WHERE title ='TRAILER'), 'CANE TRAILER - 6.2M TANDEM - SPILL'),
((SELECT TOP 1 id FROM BellEquipment.dbo.ModelsCategory WHERE title ='TRAILER'), '16T GENERAL PURPOSE'),
((SELECT TOP 1 id FROM BellEquipment.dbo.ModelsCategory WHERE title ='TRAILER'), 'PULP WOOD TIP WIDE DECK'),
((SELECT TOP 1 id FROM BellEquipment.dbo.ModelsCategory WHERE title ='TRAILER'), 'TH21D TIMBER (CAN BE PULLED IN TANDEM)'),
((SELECT TOP 1 id FROM BellEquipment.dbo.ModelsCategory WHERE title ='TRAILER'), 'CANE TRAILER - 8M'),
((SELECT TOP 1 id FROM BellEquipment.dbo.ModelsCategory WHERE title ='TRAILER'), '17M� BOTTOM DUMPER - GOOSENECK'),
((SELECT TOP 1 id FROM BellEquipment.dbo.ModelsCategory WHERE title ='TRAILER'), 'SAW LOG TIP NARROW DECK'),
((SELECT TOP 1 id FROM BellEquipment.dbo.ModelsCategory WHERE title ='TRAILER'), 'CANE TRAILER - STD - SPILL'),
((SELECT TOP 1 id FROM BellEquipment.dbo.ModelsCategory WHERE title ='TRAILER'), 'DRAWBAR TIMBER - T17'),
((SELECT TOP 1 id FROM BellEquipment.dbo.ModelsCategory WHERE title ='TRAILER'), 'CANE TRAILER - TANDEM'),
((SELECT TOP 1 id FROM BellEquipment.dbo.ModelsCategory WHERE title ='TRAILER'), 'CANE TRAILER - MALELANE SIDE TIP - B20C'),
((SELECT TOP 1 id FROM BellEquipment.dbo.ModelsCategory WHERE title ='TRAILER'), 'SAWLOG REAR TIP NARROW DECK WITH STANCHIONS'),
((SELECT TOP 1 id FROM BellEquipment.dbo.ModelsCategory WHERE title ='TRAILER'), '9M� G/P DUMPER - DUAL AXLE - GOOSENECK'),
((SELECT TOP 1 id FROM BellEquipment.dbo.ModelsCategory WHERE title ='TRAILER'), '35T COAL - MALOMO'),
((SELECT TOP 1 id FROM BellEquipment.dbo.ModelsCategory WHERE title ='TRAILER'), 'PULP WOOD REAR TIP - 15T'),
((SELECT TOP 1 id FROM BellEquipment.dbo.ModelsCategory WHERE title ='TRAILER'), '7M� G/P DUMPER - STD DRAWBAR'),
((SELECT TOP 1 id FROM BellEquipment.dbo.ModelsCategory WHERE title ='TRAILER'), '9M� G/P DUMPER - SINGLE AXLE - GOOSENECK'),
((SELECT TOP 1 id FROM BellEquipment.dbo.ModelsCategory WHERE title ='TRAILER'), '9M� G/P DUMPER - STD DRAWBAR'),
((SELECT TOP 1 id FROM BellEquipment.dbo.ModelsCategory WHERE title ='TRAILER'), 'SAW LOG NON TIP NARROW DECK'),
((SELECT TOP 1 id FROM BellEquipment.dbo.ModelsCategory WHERE title ='TRAILER'), 'TIMBER - BREAKNECK'),
((SELECT TOP 1 id FROM BellEquipment.dbo.ModelsCategory WHERE title ='TRAILER'), 'SPECIALS TRAILER - 15T TIP'),
((SELECT TOP 1 id FROM BellEquipment.dbo.ModelsCategory WHERE title ='TRAILER'), 'REFUSE TRAILER'),
((SELECT TOP 1 id FROM BellEquipment.dbo.ModelsCategory WHERE title ='TRAILER'), '7M� VACUUM FILL DUMPER (CDM)'),
((SELECT TOP 1 id FROM BellEquipment.dbo.ModelsCategory WHERE title ='TRAILER'), 'PULP WOOD TH21D - 13T (CAN BE PULLED IN TANDEM)'),
((SELECT TOP 1 id FROM BellEquipment.dbo.ModelsCategory WHERE title ='TRAILER'), 'LABOUR TRAILER - ZAIRE'),
((SELECT TOP 1 id FROM BellEquipment.dbo.ModelsCategory WHERE title ='TRAILER'), 'SPECIALS TRAILER'),
((SELECT TOP 1 id FROM BellEquipment.dbo.ModelsCategory WHERE title ='TRAILER'), '7M� G/P DUMPER - SINGLE'),
((SELECT TOP 1 id FROM BellEquipment.dbo.ModelsCategory WHERE title ='TRAILER'), '7M� G/P DUMPER - DUAL'),
((SELECT TOP 1 id FROM BellEquipment.dbo.ModelsCategory WHERE title ='TRAILER'), 'CANE TRAILER - 2,800MM WIDE - SPILL'),
((SELECT TOP 1 id FROM BellEquipment.dbo.ModelsCategory WHERE title ='TRAILER'), '15M� COAL DUMPER - DUAL'),
((SELECT TOP 1 id FROM BellEquipment.dbo.ModelsCategory WHERE title ='TRAILER'), '15M� COAL DUMPER - STD DRAWBAR'),
((SELECT TOP 1 id FROM BellEquipment.dbo.ModelsCategory WHERE title ='TRAILER'), 'CANE TRAILER - 12M - ZAMBIAN'),
((SELECT TOP 1 id FROM BellEquipment.dbo.ModelsCategory WHERE title ='TRAILER'), 'TIMBER FLAT DECK REAR TIP - 15T'),
((SELECT TOP 1 id FROM BellEquipment.dbo.ModelsCategory WHERE title ='TRAILER'), 'SPECIAL TRAILER (ETT)'),
((SELECT TOP 1 id FROM BellEquipment.dbo.ModelsCategory WHERE title ='TRAILER'), '17M� BOTTOM DUMPER - STD DRAWBAR'),
((SELECT TOP 1 id FROM BellEquipment.dbo.ModelsCategory WHERE title ='TRAILER'), 'SPECIALS TRAILER - 25T TIP'),
((SELECT TOP 1 id FROM BellEquipment.dbo.ModelsCategory WHERE title ='TRAILER'), '7M� G/P DUMPER - SKELETON'),
((SELECT TOP 1 id FROM BellEquipment.dbo.ModelsCategory WHERE title ='TRAILER'), '15M� COAL DUMPER - SINGLE'),
((SELECT TOP 1 id FROM BellEquipment.dbo.ModelsCategory WHERE title ='TRAILER'), 'PULP WOOD REAR TIP'),
((SELECT TOP 1 id FROM BellEquipment.dbo.ModelsCategory WHERE title ='TRAILER'), 'CANE TRAILER - HIGH TIP - SPILL'),
((SELECT TOP 1 id FROM BellEquipment.dbo.ModelsCategory WHERE title ='TRAILER'), 'PULP WOOD NON TIP WIDE DECK'),
((SELECT TOP 1 id FROM BellEquipment.dbo.ModelsCategory WHERE title ='TRAILER'), '12M� BOTTOM DUMPER - DRAWBAR'),
((SELECT TOP 1 id FROM BellEquipment.dbo.ModelsCategory WHERE title ='TRI LOADER'), '125A CRANK BOOM LOGGER'),
((SELECT TOP 1 id FROM BellEquipment.dbo.ModelsCategory WHERE title ='TRI LOADER'), '220A SUPER T ROOFBOLTER'),
((SELECT TOP 1 id FROM BellEquipment.dbo.ModelsCategory WHERE title ='TRI LOADER'), '220B LOGGER'),
((SELECT TOP 1 id FROM BellEquipment.dbo.ModelsCategory WHERE title ='TRI LOADER'), '220 ULTRALOGGER'),
((SELECT TOP 1 id FROM BellEquipment.dbo.ModelsCategory WHERE title ='TRI LOADER'), '225F FORKLIFT - MULE'),
((SELECT TOP 1 id FROM BellEquipment.dbo.ModelsCategory WHERE title ='TRI LOADER'), '120A (4 CYLINDER)'),
((SELECT TOP 1 id FROM BellEquipment.dbo.ModelsCategory WHERE title ='TRI LOADER'), 'ULTRA T HP FELLER BUNCHER'),
((SELECT TOP 1 id FROM BellEquipment.dbo.ModelsCategory WHERE title ='TRI LOADER'), '225A CRANK BOOM LOGGER'),
((SELECT TOP 1 id FROM BellEquipment.dbo.ModelsCategory WHERE title ='TRI LOADER'), '220A 3.50T FORKLIFT'),
((SELECT TOP 1 id FROM BellEquipment.dbo.ModelsCategory WHERE title ='TRI LOADER'), 'FELLER BUNCHER'),
((SELECT TOP 1 id FROM BellEquipment.dbo.ModelsCategory WHERE title ='TRI LOADER'), '220E ROCKSCALER'),
((SELECT TOP 1 id FROM BellEquipment.dbo.ModelsCategory WHERE title ='TRI LOADER'), '220B SUPER LOGGER'),
((SELECT TOP 1 id FROM BellEquipment.dbo.ModelsCategory WHERE title ='TRI LOADER'), 'ULTRA C DISC SAW F/BUNCHER'),
((SELECT TOP 1 id FROM BellEquipment.dbo.ModelsCategory WHERE title ='TRI LOADER'), '225E LOGGER'),
((SELECT TOP 1 id FROM BellEquipment.dbo.ModelsCategory WHERE title ='TRI LOADER'), '120A TELE BOOM LOGGER'),
((SELECT TOP 1 id FROM BellEquipment.dbo.ModelsCategory WHERE title ='TRI LOADER'), '220A CANE LOADER'),
((SELECT TOP 1 id FROM BellEquipment.dbo.ModelsCategory WHERE title ='TRI LOADER'), '220A TELE BOOM LOGGER'),
((SELECT TOP 1 id FROM BellEquipment.dbo.ModelsCategory WHERE title ='TRI LOADER'), 'TRACKED HARVESTER TH100/FX450'),
((SELECT TOP 1 id FROM BellEquipment.dbo.ModelsCategory WHERE title ='TRI LOADER'), '220B FORKLIFT'),
((SELECT TOP 1 id FROM BellEquipment.dbo.ModelsCategory WHERE title ='TRI LOADER'), '220B VERSALIFT'),
((SELECT TOP 1 id FROM BellEquipment.dbo.ModelsCategory WHERE title ='TRI LOADER'), '120A OIL PALM FRUIT LOADER'),
((SELECT TOP 1 id FROM BellEquipment.dbo.ModelsCategory WHERE title ='TRI LOADER'), '120 4WD LOGGER'),
((SELECT TOP 1 id FROM BellEquipment.dbo.ModelsCategory WHERE title ='TRI LOADER'), '100 2T FORKLIFT'),
((SELECT TOP 1 id FROM BellEquipment.dbo.ModelsCategory WHERE title ='TRI LOADER'), '220C ROCKSCALER'),
((SELECT TOP 1 id FROM BellEquipment.dbo.ModelsCategory WHERE title ='TRI LOADER'), '120A 2.75T FORKLIFT'),
((SELECT TOP 1 id FROM BellEquipment.dbo.ModelsCategory WHERE title ='TRI LOADER'), '100A LOGGER'),
((SELECT TOP 1 id FROM BellEquipment.dbo.ModelsCategory WHERE title ='TRI LOADER'), '220C ULTRA C WITH PROCESSING HEAD'),
((SELECT TOP 1 id FROM BellEquipment.dbo.ModelsCategory WHERE title ='TRI LOADER'), '225C ULTRA LOGGER'),
((SELECT TOP 1 id FROM BellEquipment.dbo.ModelsCategory WHERE title ='TRI LOADER'), 'TRACKED SLEW F/BUNCHER TF120'),
((SELECT TOP 1 id FROM BellEquipment.dbo.ModelsCategory WHERE title ='TRI LOADER'), '220A SUPER STUMP GRINDER'),
((SELECT TOP 1 id FROM BellEquipment.dbo.ModelsCategory WHERE title ='TRI LOADER'), '220B ROCKSCALER'),
((SELECT TOP 1 id FROM BellEquipment.dbo.ModelsCategory WHERE title ='TRI LOADER'), 'ULTRA C HP FELLER BUNCHER'),
((SELECT TOP 1 id FROM BellEquipment.dbo.ModelsCategory WHERE title ='TRI LOADER'), '220A FORKLIFT'),
((SELECT TOP 1 id FROM BellEquipment.dbo.ModelsCategory WHERE title ='TRI LOADER'), '220A VERSALIFT'),
((SELECT TOP 1 id FROM BellEquipment.dbo.ModelsCategory WHERE title ='TRI LOADER'), '120A (3 CYLINDER)'),
((SELECT TOP 1 id FROM BellEquipment.dbo.ModelsCategory WHERE title ='TRI LOADER'), 'PARTS WARRANTY - BCH'),
((SELECT TOP 1 id FROM BellEquipment.dbo.ModelsCategory WHERE title ='TRI LOADER'), '120 LOGGER'),
((SELECT TOP 1 id FROM BellEquipment.dbo.ModelsCategory WHERE title ='TRI LOADER'), '220E TELE BOOM LOGGER'),
((SELECT TOP 1 id FROM BellEquipment.dbo.ModelsCategory WHERE title ='TRI LOADER'), '100A 1.50T FORKLIFT'),
((SELECT TOP 1 id FROM BellEquipment.dbo.ModelsCategory WHERE title ='TRI LOADER'), '125A (3 CYLINDER)'),
((SELECT TOP 1 id FROM BellEquipment.dbo.ModelsCategory WHERE title ='TRI LOADER'), '220E LOGGER'),
((SELECT TOP 1 id FROM BellEquipment.dbo.ModelsCategory WHERE title ='TRI LOADER'), '120 FRESH FRUIT BUNCH LOADER'),
((SELECT TOP 1 id FROM BellEquipment.dbo.ModelsCategory WHERE title ='TRI LOADER'), 'TRACK FELLER BUNCHER USA (COMPLETE)'),
((SELECT TOP 1 id FROM BellEquipment.dbo.ModelsCategory WHERE title ='TRI LOADER'), 'TRACKED HARVESTER TH120/FX550'),
((SELECT TOP 1 id FROM BellEquipment.dbo.ModelsCategory WHERE title ='TRI LOADER'), '220 VERSALIFT'),
((SELECT TOP 1 id FROM BellEquipment.dbo.ModelsCategory WHERE title ='TRI LOADER'), '120 FORKLIFT'),
((SELECT TOP 1 id FROM BellEquipment.dbo.ModelsCategory WHERE title ='TRI LOADER'), '220C CANE LOADER'),
((SELECT TOP 1 id FROM BellEquipment.dbo.ModelsCategory WHERE title ='TRI LOADER'), 'TRACKED ULTRA T/HP F/BUNCHER'),
((SELECT TOP 1 id FROM BellEquipment.dbo.ModelsCategory WHERE title ='TRI LOADER'), '120 2.75T FORKLIFT'),
((SELECT TOP 1 id FROM BellEquipment.dbo.ModelsCategory WHERE title ='TRI LOADER'), '220B CANE LOADER'),
((SELECT TOP 1 id FROM BellEquipment.dbo.ModelsCategory WHERE title ='TRI LOADER'), '225A PROCESSHEAD-BASE A#'),
((SELECT TOP 1 id FROM BellEquipment.dbo.ModelsCategory WHERE title ='TRI LOADER'), '220F FORKLIFT - MULE'),
((SELECT TOP 1 id FROM BellEquipment.dbo.ModelsCategory WHERE title ='TRI LOADER'), 'FELLER BUNCHER SUPER T RSA'),
((SELECT TOP 1 id FROM BellEquipment.dbo.ModelsCategory WHERE title ='TRI LOADER'), '220C LOGGER'),
((SELECT TOP 1 id FROM BellEquipment.dbo.ModelsCategory WHERE title ='TRI LOADER'), '220A LOGGER'),
((SELECT TOP 1 id FROM BellEquipment.dbo.ModelsCategory WHERE title ='TRI LOADER'), '100A (3 CYLINDER)'),
((SELECT TOP 1 id FROM BellEquipment.dbo.ModelsCategory WHERE title ='TRI LOADER'), 'FELLER BUNCHER SUPER T USA '),
((SELECT TOP 1 id FROM BellEquipment.dbo.ModelsCategory WHERE title ='TRI LOADER'), '220E CANE LOADER'),
((SELECT TOP 1 id FROM BellEquipment.dbo.ModelsCategory WHERE title ='TRI LOADER'), '220A ROCKSCALER'),
((SELECT TOP 1 id FROM BellEquipment.dbo.ModelsCategory WHERE title ='TRI LOADER'), '220A SUPER SCALER'),
((SELECT TOP 1 id FROM BellEquipment.dbo.ModelsCategory WHERE title ='TRI LOADER'), '225F TURBO LOGGER - MULE'),
((SELECT TOP 1 id FROM BellEquipment.dbo.ModelsCategory WHERE title ='TRI LOADER'), '225F LOGGER - MULE'),
((SELECT TOP 1 id FROM BellEquipment.dbo.ModelsCategory WHERE title ='TRI LOADER'), '225A ROCKSCALER'),
((SELECT TOP 1 id FROM BellEquipment.dbo.ModelsCategory WHERE title ='TRI LOADER'), '125A (4 CYLINDER)'),
((SELECT TOP 1 id FROM BellEquipment.dbo.ModelsCategory WHERE title ='TRI LOADER'), 'TRACKED SUPER LOGGER'),
((SELECT TOP 1 id FROM BellEquipment.dbo.ModelsCategory WHERE title ='TRI LOADER'), 'TRACKED SUPER T FELLER BUNCHER'),
((SELECT TOP 1 id FROM BellEquipment.dbo.ModelsCategory WHERE title ='UTILITY'), 'MPH 121'),
((SELECT TOP 1 id FROM BellEquipment.dbo.ModelsCategory WHERE title ='UTILITY'), 'MPH 125-2 (WATER)'),
((SELECT TOP 1 id FROM BellEquipment.dbo.ModelsCategory WHERE title ='UTILITY'), 'BF800C'),
((SELECT TOP 1 id FROM BellEquipment.dbo.ModelsCategory WHERE title ='UTILITY'), 'BF300P'),
((SELECT TOP 1 id FROM BellEquipment.dbo.ModelsCategory WHERE title ='UTILITY'), 'MPH 122-2'),
((SELECT TOP 1 id FROM BellEquipment.dbo.ModelsCategory WHERE title ='UTILITY'), 'MPH 600 EMULSION'),
((SELECT TOP 1 id FROM BellEquipment.dbo.ModelsCategory WHERE title ='UTILITY'), 'BF600C'),
((SELECT TOP 1 id FROM BellEquipment.dbo.ModelsCategory WHERE title ='UTILITY'), 'BF691'),
((SELECT TOP 1 id FROM BellEquipment.dbo.ModelsCategory WHERE title ='UTILITY'), 'BF600P'),
((SELECT TOP 1 id FROM BellEquipment.dbo.ModelsCategory WHERE title ='UTILITY'), 'BF691C'),
((SELECT TOP 1 id FROM BellEquipment.dbo.ModelsCategory WHERE title ='UTILITY'), 'MPH 125-2'),
((SELECT TOP 1 id FROM BellEquipment.dbo.ModelsCategory WHERE title ='UTILITY'), 'BF222C'),
((SELECT TOP 1 id FROM BellEquipment.dbo.ModelsCategory WHERE title ='UTILITY'), 'BF223C'),
((SELECT TOP 1 id FROM BellEquipment.dbo.ModelsCategory WHERE title ='UTILITY'), 'L705E, BEMA35 DUAL SWEEPER'),
((SELECT TOP 1 id FROM BellEquipment.dbo.ModelsCategory WHERE title ='UTILITY'), 'BF300C'),
((SELECT TOP 1 id FROM BellEquipment.dbo.ModelsCategory WHERE title ='UTILITY'), 'MPH 364 R-2'),
((SELECT TOP 1 id FROM BellEquipment.dbo.ModelsCategory WHERE title ='UTILITY'), 'BF800P'),
((SELECT TOP 1 id FROM BellEquipment.dbo.ModelsCategory WHERE title ='UTILITY'), 'MPH 125-2 EMULSION')

PRINT ''
PRINT 'INSERT INTO >> NonStandardAddons'
INSERT INTO BellEquipment.dbo.NonStandardAddons(ModelsCategoryId, Title) VALUES
((SELECT TOP 1 id FROM BellEquipment.dbo.ModelsCategory WHERE title ='ADT'), 'Bin Heating'),
((SELECT TOP 1 id FROM BellEquipment.dbo.ModelsCategory WHERE title ='ADT'), 'Bin Liners'),
((SELECT TOP 1 id FROM BellEquipment.dbo.ModelsCategory WHERE title ='ADT'), 'Greedy Boards'),
((SELECT TOP 1 id FROM BellEquipment.dbo.ModelsCategory WHERE title ='ADT'), 'Tailgate'),
((SELECT TOP 1 id FROM BellEquipment.dbo.ModelsCategory WHERE title ='FEL'), 'Bucket Size 1.3 m3'),
((SELECT TOP 1 id FROM BellEquipment.dbo.ModelsCategory WHERE title ='FEL'), 'Bucket Size 1.7 m4'),
((SELECT TOP 1 id FROM BellEquipment.dbo.ModelsCategory WHERE title ='FEL'), 'Cane Grab'),
((SELECT TOP 1 id FROM BellEquipment.dbo.ModelsCategory WHERE title ='FEL'), 'Handling Boom'),
((SELECT TOP 1 id FROM BellEquipment.dbo.ModelsCategory WHERE title ='FEL'), 'Pallet Forks'),
((SELECT TOP 1 id FROM BellEquipment.dbo.ModelsCategory WHERE title ='FEL'), 'Whole Stem Grab')

-- Create General Entries for each Model
INSERT INTO BellEquipment.dbo.NonStandardAddons(ModelsCategoryId, Title)
(SELECT TOP 10 id AS [ModelsCategoryId], 'N/A' AS Title FROM BellEquipment.dbo.ModelsCategory WHERE id NOT IN (SELECT DISTINCT ModelsCategoryId FROM BellEquipment.dbo.NonStandardAddons) )

PRINT ''
PRINT 'INSERT INTO >> ReportType'
INSERT INTO BellEquipment.dbo.ReportType(Title) VALUES 
('Engieering Assistance'),
('Information Only')

PRINT ''
PRINT 'INSERT INTO >> FaultCode'
SET IDENTITY_INSERT BellEquipment.dbo.FaultCode ON
INSERT INTO BellEquipment.dbo.FaultCode(Id, Title) VALUES 
(0100, 'WHEELS AND TYRES AND TRACKS'),
(0200, 'AXLES, DIFFERENTIALS AND SUSPENSION SYSTEMS'),
(0300, 'TRANSMISSION'),
(0400, 'ENGINE'),
(0500, 'ENGINE AUXILIARY SYSTEM'),
(0570, 'ENGINE ELECTRONICS'),
(0600, 'TORQUE CONVERTER'),
(0700, 'TRACTION (ENGINE) AND DISCONNECT CLUTCH'),
(0800, 'TRANSFER DRIVE (INCLUDES SPLITTERS)'),
(0900, 'STEERING SYSTEM'),
(1000, 'SERVICE BRAKES'),
(1100, 'PARKING BRAKE'),
(1300, 'MISCELLANEOUS VEHICLE'),
(1500, 'EQUIPMENT ATTACHING'),
(1600, 'VEHICLE ELECTRICAL SYSTEMS'),
(1700, 'FRAME, CHASSIS OR SUPPORTING STRUCTURE'),
(1800, 'OPERATOR�S STATION'),
(1900, 'SHEET METAL AND STYLING'),
(2000, 'SAFETY, CONVENIENCE AND MISCELLANEOUS'),
(2100, 'VEHICLE MAIN HYDRAULIC SYSTEM'),
(2200, 'VEHICLE PNEUMATIC SYSTEM'),
(2600, 'GLOBAL VEHICLE COMMUNICATION'),
(3000, 'WINCH'),
(3100, 'LOADER'),
(3200, 'DOZERS'),
(3300, 'BACKHOE AND EXCAVATOR'),
(3400, 'GRADING DEVICE'),
(3500, 'HAULAGE DEVICE (SCRAPER AND ADT)'),
(3600, 'CONVEYER AND ELEVATING DEVICE'),
(3700, 'ARCH OR BOOM OR CRANES'),
(3800, 'GRAPPLE'),
(3900, 'SHEAR'),
(4000, 'PTO OR WINCH DRIVE'),
(4100, 'MISC. FUNCTION MECHANICAL DRIVE'),
(4200, 'GROUND CONDITIONING TOOL'),
(4300, 'SWING, ROTATION OR PIVOTING SYSTEM'),
(4400, 'CUTTING MECHANISMS'),
(4500, 'FORKLIFTS'),
(4600, 'AUTOMATIC CONTROL'),
(9000, 'NON-FUNCTIONAL CLASSIFICATION AND EVALUATION')

SET IDENTITY_INSERT BellEquipment.dbo.FaultCode OFF
-- SELECT TOP 100 * FROM BellEquipment.dbo.FaultCode

PRINT ''
PRINT 'INSERT INTO >> FaultSubCode'
SET IDENTITY_INSERT BellEquipment.dbo.FaultSubCode ON
INSERT INTO BellEquipment.dbo.FaultSubCode(FaultCodeId, Id, Title) VALUES 
(100, 110, ' Powered wheels, tyres and fastenings'),
(100, 111, ' Powered wheels, rims'),
(100, 112, ' Powered tyres, tubes'),
(100, 120, ' Non-powered wheels, tyres and fastening'),
(100, 121, ' Non-powered wheels, rims, etc.'),
(100, 122, ' Non-powered tyres, tubes'),
(100, 130, ' Track systems'),
(100, 131, ' Track frames'),
(100, 132, ' Drive sprockets, chains and shoes'),
(100, 133, ' Rollers'),
(100, 134, ' Recoil system (Idler and idler spring)'),
(100, 135, ' Pivot shaft and crossbar'),
(100, 136, ' Spring covers'),
(100, 137, ' Crossbar support'),
(100, 138, ' Rock guards and track Guides'),
(200, 201, ' Drive axle hsg and support (incl. final drives)'),
(200, 210, ' Differential or bevel drive'),
(200, 225, ' Input drive shafts and U-joints'),
(200, 230, ' Non-powered wheel axles'),
(200, 231, ' Fixed track width axle'),
(200, 232, ' Adjustable track width axle'),
(200, 240, ' Powered wheel axle (incl. FWD)'),
(200, 242, ' Axle mounting parts (Suspension)'),
(200, 243, ' Axle lock mounting'),
(200, 250, ' Axle shaft, bearings, reduction gears'),
(200, 252, ' Steering clutches, brakes and controls'),
(200, 260, ' Axles, diff. and susp. sys. hyd. (incl. FWD)'),
(200, 262, ' Valves'),
(200, 263, ' Lines, hose and fittings'),
(200, 265, ' Hydraulic cylinder'),
(200, 267, ' Hydraulic drive motor'),
(200, 269, ' Axle fluid'),
(300, 315, ' Controls'),
(300, 325, ' Input drive shafts and U-joints'),
(300, 341, ' Housing and covers'),
(300, 342, ' Trans. mounting parts'),
(300, 350, ' Gears, shafts and power shift clutches'),
(300, 351, ' Gears, shafts, bearings and seals'),
(300, 352, ' Power shift clutches'),
(300, 355, ' Variable speed drives'),
(300, 358, ' Output shaft (if separate)'),
(300, 360, ' Transmission hydraulics'),
(300, 361, ' Trans. oil pump and drive'),
(300, 362, ' Trans. control valve'),
(300, 363, ' Trans. oil lines'),
(300, 364, ' Trans. filter, cooler and aux. reservoir'),
(300, 367, ' Hydraulic motor-pump comb.'),
(300, 369, ' Transmission fluid'),
(300, 370, ' Transmission electronics'),
(300, 374, ' Wiring harness and switches'),
(300, 375, ' Automatic control circuits'),
(300, 376, ' Instruments and indicators'),
(300, 377, ' Motors and actuators'),
(300, 378, ' Sensors'),
(300, 390, ' Transmission test'),
(400, 401, ' Crankshaft and main bearing'),
(400, 402, ' Crankshaft and valve actuating means'),
(400, 403, ' Connecting rods and pistons'),
(400, 404, ' Cylinder block'),
(400, 405, ' Carburetor'),
(400, 406, ' Governor'),
(400, 407, ' Engine lubrication system'),
(400, 408, ' Ventilating system'),
(400, 409, ' Cylinder head, valves and exhaust valve brake'),
(400, 410, ' Exhaust manifold'),
(400, 411, ' Ignition system'),
(400, 413, ' Fuel injection system'),
(400, 414, ' Intake manifold'),
(400, 415, ' Engine balancer'),
(400, 416, ' Supercharger, (including turbocharger)'),
(400, 417, ' Water pump'),
(400, 418, ' Thermostats, housing and water piping'),
(400, 419, ' Engine oil cooler'),
(400, 420, ' Fuel filter'),
(400, 421, ' Fuel transfer pump'),
(400, 422, ' Starting motor and fastenings'),
(400, 423, ' Alternator and generator mounting'),
(400, 425, ' Frame, power unit'),
(400, 426, ' Shrouds, cooling (power unit)'),
(400, 427, ' Engine serial no. plate and labels'),
(400, 429, ' Fan drive (damper, idler, pulleys, and belt)'),
(400, 430, ' Line assembly, engine'),
(400, 431, ' Final test, engine'),
(400, 432, ' Finish assembly, engine'),
(400, 433, ' Flywheel, housing and fastenings'),
(400, 450, ' Service cylinder block assemblies'),
(400, 451, ' Piston and liner kits'),
(400, 452, ' Gasket replacement kits'),
(500, 505, ' Cold weather starting aids'),
(500, 510, ' Engine cooling systems'),
(500, 511, ' Radiator and fan shroud'),
(500, 512, ' Fan'),
(500, 515, ' Engine speed controls'),
(500, 520, ' Intake system'),
(500, 521, ' Air cleaner and piping'),
(500, 522, ' Air pre-cleaner'),
(500, 530, ' External exhaust systems'),
(500, 531, ' Muffler and exhaust pipe'),
(500, 532, ' Exhaust brake'),
(500, 533, ' Bin heating'),
(500, 540, ' Engine mounting'),
(500, 560, ' External fuel supply systems'),
(500, 561, ' External fuel pump'),
(500, 563, ' Fuel lines and fittings'),
(500, 564, ' Fuel tank'),
(570, 574, ' Wiring harnesses and switches'),
(570, 575, ' Automatic control circuits'),
(570, 576, ' Instruments and indicators'),
(570, 577, ' Motors and actuators'),
(570, 578, ' Sensors'),
(600, 615, ' Controls and linkage � include output governor'),
(600, 641, ' Converter/retarder housing and cover'),
(600, 651, ' Converter/retarder turbine, gears, shafts, etc.'),
(600, 660, ' Converter hydraulics'),
(600, 662, ' Control valves'),
(600, 669, ' Converter fluid'),
(700, 715, ' Clutch controls'),
(700, 741, ' Clutch housing and covers'),
(700, 752, ' Clutch elements'),
(800, 841, ' Housings and covers'),
(800, 851, ' Gears, shafts, bearings'),
(800, 869, ' Gear fluid'),
(0900, 910, ' Manual steering'),
(0900, 911, ' Steering gear and control'),
(0900, 912, ' Steering gear linkage'),
(0900, 913, ' Axle steering linkage'),
(0900, 920, ' Power steering'),
(0900, 921, ' Power steering gear control'),
(0900, 922, ' Power steering gear linkage'),
(0900, 923, ' Power steering axle linkage'),
(0900, 930, ' Emergency steering'),
(0900, 960, ' Power steering hydraulic system'),
(0900, 961, ' Steering pump and drive'),
(0900, 962, ' Steering valve and control'),
(0900, 963, ' Steering lines, hoses and fittings'),
(0900, 964, ' Reservoir and accumulator'),
(0900, 965, ' Steering cylinders'),
(0900, 967, ' Steering motor'),
(0900, 970, ' Steering electronics'),
(0900, 974, ' Wiring harness and switches'),
(0900, 975, ' Automatic control circuits'),
(0900, 976, ' Instruments and indicators'),
(0900, 977, ' Motors and actuators'),
(0900, 978, ' Sensors'),
(1000, 1011, ' Service brake active elements'),
(1000, 1015, ' Control linkages'),
(1000, 1030, ' Controls for towed equipment brakes'),
(1000, 1060, ' Service brakes hydraulics'),
(1000, 1061, ' Brake pump'),
(1000, 1062, ' Service brake valve'),
(1000, 1063, ' Service brake links, hoses and fittings'),
(1000, 1064, ' Reservoir and accumulator'),
(1100, 1111, ' Parking brake active elements'),
(1100, 1115, ' Controls linkage'),
(1300, 1310, ' Standards'),
(1300, 1311, ' Vehicle assembly'),
(1300, 1312, ' Equipment assembly'),
(1300, 1313, ' Hand tools'),
(1300, 1314, ' License bracket'),
(1300, 1320, ' Vehicle finish and trim'),
(1300, 1321, ' Paint'),
(1300, 1322, ' Decals and trademarks'),
(1300, 1330, ' Shipping and packaging'),
(1300, 1331, ' Domestic shipping'),
(1300, 1332, ' Export shipping'),
(1300, 1333, ' Replacement parts packaging'),
(1300, 1369, ' Greases, oils, fuels and coolants'),
(1300, 1370, ' Lubrication systems'),
(1300, 1390, ' Vehicle test'),
(1300, 1391, ' Equipment test'),
(1500, 1510, ' Equipment attaching specifications'),
(1500, 1511, ' Drawbar'),
(1500, 1512, ' Towbar'),
(1500, 1520, ' Hitches and hitch pins'),
(1500, 1521, ' Quick attaching hitches'),
(1500, 1526, ' Power weight transfer'),
(1600, 1671, ' Batteries, support and cables'),
(1600, 1672, ' Alternator, regulator and charging system wiring'),
(1600, 1673, ' Vehicle lighting system'),
(1600, 1674, ' Wiring harness and switches (if not included elsewhere)'),
(1600, 1675, ' System controls'),
(1600, 1676, ' Instruments and indicators'),
(1600, 1677, ' Motors and actuators'),
(1600, 1678, ' Sensors'),
(1700, 1740, ' Frame installation'),
(1700, 1741, ' Engine or main frame'),
(1700, 1742, ' Equipment or secondary frame (vehicle)'),
(1700, 1743, ' Hinges, yokes and gudgeons'),
(1700, 1746, ' Frame bottom guards (if special)'),
(1700, 1747, ' Bumpers, vehicle'),
(1700, 1748, ' Stabilizers and outrigger'),
(1700, 1749, ' Chassis weights'),
(1800, 1807, ' Special noise control items'),
(1800, 1810, ' Operator enclosure'),
(1800, 1811, ' ROPS, FOPS, OPS, or body frame'),
(1800, 1812, ' Platform'),
(1800, 1813, ' Body sides, doors, shields and glazing'),
(1800, 1814, ' Windshield and wipers'),
(1800, 1816, ' Instrument and control mounting structure'),
(1800, 1821, ' Seat and seat belts'),
(1800, 1822, ' Steps and handholds'),
(1800, 1830, ' Heating and air conditioning'),
(1800, 1831, ' Heater, hoses and controls'),
(1800, 1832, ' Air conditioning system compressor and drive'),
(1800, 1833, ' Condenser, evaporator and lines'),
(1800, 1835, ' Pressurizer'),
(1900, 1910, ' Bonnet or engine enclosure (hood)'),
(1900, 1911, ' Bonnet and bonnet supports (hood and hood supports)'),
(1900, 1912, ' Engine sideshields'),
(1900, 1913, ' Miscellaneous shields'),
(1900, 1921, ' Grille and grille housing'),
(1900, 1922, ' Grille guards'),
(1900, 1927, ' Mudguard (fenders)'),
(2000, 2001, ' Radio'),
(2000, 2002, ' Mirror'),
(2000, 2003, ' Fire extinguisher'),
(2000, 2004, ' Warning devices including horn and reverse alarm'),
(2000, 2005, ' Toolbox'),
(2000, 2006, ' Cigarette lighter'),
(2000, 2007, ' Sun visor'),
(2000, 2008, ' Reflectors and SMV (Slow Moving Vehicle) sign'),
(2000, 2009, ' Wheel chock blocks � wheel blocking'),
(2000, 2011, ' Storage operator manual'),
(2000, 2012, ' Rental customer kit'),
(2000, 2013, ' Anti-theft'),
(2100, 2160, ' Vehicle hydraulics'),
(2100, 2161, ' Hyd pumps and drives'),
(2100, 2162, ' Hyd Selective control and load holding valves'),
(2100, 2163, ' Hyd lines and hoses'),
(2100, 2164, ' Hyd reservoir, filter and cooler'),
(2100, 2165, ' Hyd linear and rotary cylinders'),
(2100, 2166, ' Position response hyd function'),
(2100, 2167, ' Hyd motors'),
(2100, 2169, ' Hyd fluids'),
(2200, 2261, ' Pneumatic pumps and drives'),
(2200, 2262, ' Pneumatic control valves'),
(2200, 2263, ' Pneumatic system lines and hoses'),
(2200, 2264, ' Pneumatic reservoir, filter and trap'),
(2200, 2265, ' Pneumatic cylinders'),
(2200, 2267, ' Pneumatic motors'),
(2600, 2601, ' Communication controller'),
(2600, 2602, ' Antennas and cables'),
(2600, 2603, ' Wiring harnesses and switches'),
(2600, 2604, ' Hardware and fasteners'),
(2600, 2605, ' Instruments and indicators'),
(2600, 2606, ' Motors and actuators'),
(2600, 2607, ' Sensors'),
(3000, 3015, ' Controls linkage'),
(3000, 3025, ' Input shaft & U-joints'),
(3000, 3041, ' Winch hsg and mounting structure (includes drum)'),
(3000, 3045, ' Fairlead and rollers'),
(3000, 3050, ' Winch drive and clutches'),
(3000, 3051, ' Gears, shafts and bearings'),
(3000, 3052, ' Clutches and brakes'),
(3000, 3060, ' Winch hydraulic system'),
(3000, 3061, ' Winch hydraulic pump'),
(3000, 3062, ' Control valve'),
(3000, 3063, ' Lines, hoses and fittings'),
(3000, 3067, ' Hydraulic motor'),
(3000, 3069, ' Hydraulic fluid'),
(3100, 3101, ' Cutting edge'),
(3100, 3102, ' Bucket (including teeth)'),
(3100, 3103, ' Forks'),
(3100, 3104, ' Attachment coupler'),
(3100, 3115, ' Controls linkage'),
(3100, 3141, ' Main frame'),
(3100, 3142, ' Sub frame'),
(3100, 3143, ' Moveable frame (lift arm, etc)'),
(3100, 3145, ' Bucket loader linkage'),
(3100, 3160, ' Loader hydraulics'),
(3100, 3161, ' Hydraulic pump'),
(3100, 3162, ' Control and load holding valves'),
(3100, 3163, ' Lines, hoses and fittings'),
(3100, 3164, ' Hydraulic reservoir'),
(3100, 3165, ' Hydraulic cylinders'),
(3100, 3166, ' Automatic control function'),
(3100, 3168, ' Hydraulic motor'),
(3100, 3169, ' Hydraulic fluid'),
(3200, 3201, ' Blade'),
(3200, 3202, ' Inside dozer blades'),
(3200, 3203, ' Outside dozer semi-U blades'),
(3200, 3204, ' Outside dozer straight and mechanical angle blades'),
(3200, 3205, ' Blade end bits'),
(3200, 3206, ' Blade cutting edges'),
(3200, 3207, ' Blade liners'),
(3200, 3208, ' Other blade wear parts'),
(3200, 3215, ' Control linkage'),
(3200, 3240, ' Dozer frames'),
(3200, 3241, ' Main frame'),
(3200, 3242, ' Sub frame'),
(3200, 3243, ' Moveable frame (push beam and lift mech.)'),
(3200, 3260, ' Dozer hydraulics'),
(3200, 3261, ' Hyd pump and drive (if applicable)'),
(3200, 3262, ' Control valves'),
(3200, 3263, ' Lines, hoses and fittings'),
(3200, 3264, ' Hydraulic reservoir'),
(3200, 3265, ' Hydraulic cylinders'),
(3200, 3267, ' Hydraulic motor'),
(3200, 3269, ' Hydraulic fluid'),
(3300, 3301, ' Blades and side cutters'),
(3300, 3302, ' Bucket with teeth'),
(3300, 3304, ' Ripper'),
(3300, 3312, ' Platform'),
(3300, 3315, ' Controls linkage'),
(3300, 3320, ' Paint'),
(3300, 3321, ' Seat'),
(3300, 3322, ' Decals and trademarks'),
(3300, 3340, ' Backhoe and excavator frames'),
(3300, 3341, ' Main frame'),
(3300, 3342, ' Sub frame and tie bars'),
(3300, 3343, ' Moveable frame'),
(3300, 3344, ' Boom'),
(3300, 3345, ' Bucket linkage'),
(3300, 3346, ' Dipperstick'),
(3300, 3348, ' Stabilizers'),
(3300, 3360, ' Hydraulic system'),
(3300, 3361, ' Hydraulic pump'),
(3300, 3362, ' Control and load holding valves'),
(3300, 3363, ' Lines, hoses and fittings'),
(3300, 3364, ' Hydraulic reservoir'),
(3300, 3365, ' Hydraulic cylinders'),
(3300, 3367, ' Hydraulic motor'),
(3300, 3369, ' Hydraulic fluid'),
(3300, 3391, ' Test'),
(3400, 3401, ' Blade'),
(3400, 3402, ' Blade extension'),
(3400, 3403, ' Blade edge'),
(3400, 3415, ' Controls linkage'),
(3400, 3440, ' Grading device frames'),
(3400, 3441, ' Main frame (draft frame)'),
(3400, 3442, ' Sub frame (saddle)'),
(3400, 3443, ' Moveable frame (circle)'),
(3400, 3450, ' Circle gear box'),
(3400, 3460, ' Hydraulic system'),
(3400, 3461, ' Hydraulic pump'),
(3400, 3462, ' Control valve'),
(3400, 3463, ' Lines, hoses and fittings'),
(3400, 3465, ' Hydraulic cylinders'),
(3400, 3467, ' Hydraulic motor'),
(3500, 3501, ' Blade or cutting edge'),
(3500, 3515, ' Controls linkage'),
(3500, 3540, ' Scraper and hauling device frames'),
(3500, 3541, ' Bin (bowl and frame)'),
(3500, 3542, ' Draft frame'),
(3500, 3543, ' Tailgate, moveable frame (sliding floor)'),
(3500, 3544, ' Ejector'),
(3500, 3545, ' Apron (if applicable)'),
(3500, 3546, ' Push beam'),
(3500, 3560, ' Hydraulic system'),
(3500, 3561, ' Hydraulic pump'),
(3500, 3562, ' Control valves'),
(3500, 3563, ' Lines, hoses and fittings'),
(3500, 3565, ' Hydraulic cylinders'),
(3500, 3567, ' Hydraulic motor'),
(3600, 3603, ' Tongs and forks'),
(3600, 3604, ' Screws and augers'),
(3600, 3605, ' Auger mounting'),
(3600, 3606, ' Auger standard bits'),
(3600, 3607, ' Auger shrub bits'),
(3600, 3608, ' Auger rock bits'),
(3600, 3609, ' Auger extension'),
(3600, 3610, ' Auger extension adapter'),
(3600, 3612, ' Conveyor or mast'),
(3600, 3615, ' Control linkages'),
(3600, 3640, ' Conveyor and elevating device frame'),
(3600, 3641, ' Main frame'),
(3600, 3650, ' Gearbox'),
(3600, 3651, ' PTO, gears, shafts, bearings'),
(3600, 3660, ' Hydraulic system'),
(3600, 3661, ' Hydraulic pump'),
(3600, 3662, ' Control valves'),
(3600, 3663, ' Lines, hoses and fittings'),
(3600, 3665, ' Hydraulic cylinders'),
(3600, 3667, ' Hydraulic motor'),
(3600, 3670, ' Trencher'),
(3600, 3671, ' Motors'),
(3700, 3715, ' Controls linkage'),
(3700, 3740, ' Arch or boom frames'),
(3700, 3741, ' Main frame or mast'),
(3700, 3743, ' Moveable frame or boom'),
(3700, 3744, ' Boom (jigs)'),
(3700, 3745, ' Fairleads and rollers'),
(3700, 3749, ' Weights'),
(3700, 3760, ' Hydraulic system'),
(3700, 3761, ' Hydraulic pump'),
(3700, 3762, ' Control and load holding valves'),
(3700, 3763, ' Lines, hoses and fittings'),
(3700, 3764, ' Hydraulic reservoir'),
(3700, 3765, ' Hydraulic cylinders'),
(3700, 3769, ' Hydraulic fluid'),
(3700, 3780, ' Tackle and reeves'),
(3700, 3781, ' Wire rope'),
(3700, 3783, ' Blocks and sheaves'),
(3700, 3785, ' Bearings, shafts, weights and hooks'),
(3800, 3803, ' Grapple mechanism'),
(3800, 3813, ' Shielding'),
(3800, 3815, ' Control linkage'),
(3800, 3840, ' Frame, grapple support'),
(3800, 3842, ' Arch'),
(3800, 3843, ' Yoke'),
(3800, 3844, ' Boom'),
(3800, 3845, ' Fairlead and rollers'),
(3800, 3846, ' Structural rotary joint'),
(3800, 3847, ' Grapple bumper'),
(3800, 3860, ' Hydraulic system'),
(3800, 3862, ' Control valve'),
(3800, 3863, ' Hydraulic lines, hoses and fittings'),
(3800, 3864, ' Hydraulic filter'),
(3800, 3865, ' Hydraulic cylinder'),
(3800, 3867, ' Hydraulic motor'),
(3900, 3901, ' Blades and cutting elements'),
(3900, 3903, ' Tongue and forks'),
(3900, 3915, ' Control linkages'),
(3900, 3940, ' Frame'),
(3900, 3941, ' Main frame'),
(3900, 3945, ' Material conveyor'),
(3900, 3960, ' Hydraulic system'),
(3900, 3962, ' Control valve'),
(3900, 3963, ' Lines, hoses and fittings'),
(3900, 3965, ' Hydraulic cylinders'),
(4000, 4015, ' PTO control'),
(4000, 4025, ' Input drive shaft (if separate)'),
(4000, 4041, ' Housing and covers (if separate)'),
(4000, 4051, ' Gears, shafts and bearings'),
(4000, 4052, ' PTO clutch (if separate)'),
(4000, 4060, ' Hydraulics'),
(4000, 4062, ' Control valve'),
(4000, 4063, ' Lines, hoses and fittings'),
(4100, 4115, ' Drive control (if separate)'),
(4100, 4125, ' Input drive shafts'),
(4100, 4141, ' Housing, covers and guards'),
(4100, 4151, ' Gears, shafts and bearings'),
(4100, 4152, ' Clutch (if separate)'),
(4100, 4154, ' Chain drive'),
(4100, 4155, ' Variable speed drive'),
(4100, 4158, ' Output shaft or pulley'),
(4100, 4160, ' Hydraulic system'),
(4100, 4162, ' Control'),
(4100, 4163, ' Lines, hoses and fittings'),
(4100, 4165, ' Hydraulic cylinder'),
(4100, 4167, ' Hydraulic motor'),
(4100, 4169, ' Hydraulic fluid'),
(4200, 4201, ' Blades, teeth, shanks, etc.'),
(4200, 4215, ' Controls linkage'),
(4200, 4220, ' Roller'),
(4200, 4230, ' Power rake'),
(4200, 4240, ' Frame'),
(4200, 4241, ' Main frame'),
(4200, 4243, ' Moveable frame'),
(4200, 4250, ' Cold planer'),
(4200, 4260, ' Hydraulic system'),
(4200, 4262, ' Control valve'),
(4200, 4263, ' Lines, hoses and fittings'),
(4200, 4265, ' Hydraulic cylinder'),
(4200, 4270, ' Breaker'),
(4200, 4271, ' Mounting frame'),
(4200, 4280, ' Landplane'),
(4200, 4281, ' Hydraulics'),
(4200, 4290, ' Broom'),
(4200, 4291, ' Motors'),
(4200, 4292, ' Brushes'),
(4300, 4311, ' Brakes'),
(4300, 4315, ' Controls'),
(4300, 4343, ' Swing frame'),
(4300, 4350, ' Mechanical drive elements'),
(4300, 4351, ' Gears, shafts, and bearings'),
(4300, 4353, ' Swing bearing and mounting'),
(4300, 4360, ' Hydraulics'),
(4300, 4362, ' Valves'),
(4300, 4365, ' Cylinders'),
(4300, 4367, ' Motors'),
(4400, 4401, ' Blades'),
(4400, 4440, ' Frames'),
(4400, 4441, ' Main frame'),
(4400, 4443, ' Moveable frame'),
(4400, 4450, ' Drives'),
(4400, 4460, ' Hydraulic system'),
(4400, 4462, ' Valves'),
(4400, 4463, ' Lines, hoses and fittings'),
(4400, 4465, ' Cylinders'),
(4500, 4503, ' Forks'),
(4500, 4512, ' Masts'),
(4500, 4540, ' Forklift frames'),
(4500, 4541, ' Main frame'),
(4500, 4542, ' Sub frame'),
(4500, 4543, ' Moveable arms'),
(4500, 4560, ' Forklift hydraulic system'),
(4500, 4561, ' Hydraulic pump'),
(4500, 4562, ' Valves'),
(4500, 4563, ' Lines, hoses and fittings'),
(4500, 4564, ' Hydraulic reservoir'),
(4500, 4565, ' Cylinders'),
(4500, 4567, ' Motor'),
(4500, 4569, ' Hydraulic fluid'),
(4600, 4615, ' Linkages'),
(4600, 4640, ' Frames and housings'),
(4600, 4670, ' Electrical components'),
(9000, 9001, ' Stability'),
(9000, 9002, ' Tractor and equipment structure'),
(9000, 9003, ' Transmission brake'),
(9000, 9004, ' Visibility'),
(9000, 9005, ' Vibration'),
(9000, 9006, ' Noise'),
(9000, 9007, ' Tractor heat'),
(9000, 9008, ' General tractor performance'),
(9000, 9009, ' Product safety'),
(9000, 9010, ' Human factors'),
(9000, 9011, ' Serviceability'),
(9000, 9012, ' Compliance � Legal and standards requirements'),
(9000, 9013, ' Engine power and smoke')

SET IDENTITY_INSERT BellEquipment.dbo.FaultSubCode OFF
-- SELECT TOP 100 * FROM BellEquipment.dbo.FaultSubCode
-- SELECT TOP 100 * FROM BellEquipment.dbo.FaultSubCode s LEFT JOIN BellEquipment.dbo.FaultCode c ON s.FaultCodeId = c.id

PRINT ''
PRINT 'INSERT INTO >> Complaint'
SET IDENTITY_INSERT BellEquipment.dbo.Complaint ON
INSERT INTO BellEquipment.dbo.Complaint(Id, Title) VALUES 
(1, 'ACCIDENT DAMAGE'),
(2, 'BLOCKAGE'),
(3, 'BLOWN'),
(4, 'CANNOT ADJUST'),
(5, 'COLLAPSED / PERISHED'),
(6, 'CONTAMINATION'),
(7, 'CORRODED / PITTED'),
(8, 'CORROSION / PAINT PREPARATION'),
(9, 'CRUSHED'),
(10, 'CUT'),
(11, 'DAMAGED IN TRANSIT'),
(12, 'DETERIORATED'),
(13, 'DIRT / DUST / MUD / FOREIGN MATERIAL'),
(14, 'DISTORTED / TWISTED / BENT'),
(15, 'ELECTRICAL FAILURE'),
(16, 'EXCESSIVE CLEARANCE'),
(17, 'EXCESSIVE WEAR'),
(18, 'GAS CHARGE'),
(19, 'IMPROPER FIT'),
(20, 'INCORRECT ASSEMBLY'),
(21, 'INCORRECT TORQUE'),
(22, 'INSUFFICIENT CLEARANCE'),
(23, 'INSUFFICIENT LUBRICATION'),
(24, 'LOOSE'),
(25, 'MACHINING ERROR'),
(26, 'MISALIGNMENT'),
(27, 'NOT CHARGING'),
(28, 'NOT DRILLED / TAPPED'),
(29, 'NOT REPORTING'),
(30, 'OBSTRUCTED'),
(31, 'OFF LOCATION'),
(32, 'OPEN CIRCUIT'),
(33, 'O-RING PINCHED / CUT'),
(34, 'OUT OF BALANCE'),
(35, 'OVERCHARGING'),
(36, 'OVERHEATED'),
(37, 'PART OMITTED'),
(38, 'PART OMITTED/MISSING'),
(39, 'PIN HOLE/POROUS'),
(40, 'PITTED'),
(42, 'PRESSURE HIGH / LOW'),
(43, 'PROGRAMMING'),
(44, 'SCRATCHED'),
(45, 'SEAL FAILURE'),
(46, 'SEIZED'),
(47, 'SLIPPAGE'),
(48, 'SPALLED'),
(49, 'SURFACE FINISH ROUGH'),
(50, 'TIMING INCORRECT'),
(51, 'UNDEFINED / MISCELLANEOUS'),
(52, 'UNDERSIZE'),
(53, 'UPGRADED & TESTED'),
(54, 'WELD ISSUE'),
(55, 'WIRING / HOSE ROUTING'),
(56, 'WIRING ISSUE'),
(57, 'WRONG PART')
SET IDENTITY_INSERT BellEquipment.dbo.Complaint OFF

PRINT ''
PRINT 'INSERT INTO >> Defect'
SET IDENTITY_INSERT BellEquipment.dbo.Defect ON
INSERT INTO BellEquipment.dbo.Defect(Id, Title) VALUES 
(1, 'ABNORMAL TEMPERATURE'),
(2, 'ABNORMAL / NO DRIVE'),
(3, 'ABNORMAL / NO PRESSURE'),
(4, 'BURNT'),
(5, 'CRACK'),
(6, 'ELECTRICAL FAULT'),
(7, 'HARD STARTING'),
(8, 'LEAKING'),
(9, 'LUBRICANT MIXING'),
(10, 'METAL IN OIL'),
(11, 'NO ADJUSTMENT'),
(12, 'OPERATING FAULT'),
(13, 'PART ASSEMBLY'),
(14, 'PART OMITTED / MISSING'),
(16, 'RUST/ MATERIAL PREPARATION'),
(17, 'SETTINGS / REPORTING'),
(18, 'VIBRATION'),
(20, 'WARNING LIGHT'),
(21, 'WORN OUT'),
(22, 'BROKEN'),
(23, 'NOISY')
SET IDENTITY_INSERT BellEquipment.dbo.Defect OFF

PRINT ''
PRINT 'INSERT INTO >> Application'
INSERT INTO BellEquipment.dbo.Application(Title) VALUES 
('Mining and Construction'),
('Quarry'),
('Forestry'),
('Agriculture'),
('Roads and Rehabilitation'),
('Crushing and Screening')

PRINT ''
PRINT 'INSERT INTO >> ReportStatus'
SET IDENTITY_INSERT BellEquipment.dbo.ReportStatus ON
INSERT INTO BellEquipment.dbo.ReportStatus(Id, Title) VALUES 
(1, 'Draft'),(2, 'Open'),(3, 'Closed')
SET IDENTITY_INSERT BellEquipment.dbo.ReportStatus OFF

PRINT ''
PRINT '-------------------------------------------------------------'
PRINT ''
PRINT 'INSERT INTO >> Report'
INSERT INTO BellEquipment.dbo.Report 
(
ReportNumber, ReportDate, [ReportPersonId], DealersId,
Customer, VinNo, ModelId, 
ReportTypeId, ReportedToId, FaultCodeId, 
NonStandardAddonsId, FaultCodeReported, FailedPartNumber, 
ReplacementPartNumber, ComplaintId, DefectId, 
ComplaintDescription, RootCause, ActionRequired, 
SafetyHard, ApplicaitonId, Hours, Status
)
VALUES ('ABC1234', GETDATE(), (SELECT TOP 1 Id FROM AspNetUsers WHERE UserName like 'Vincent%'), 1, 'Vince', 'ONMO567', 1, 1, (SELECT TOP 1 Id FROM AspNetUsers WHERE UserName like 'Br%'), 0100, 1, 'FCode 111.99', 'FPart 11111', 'RPart 22222', 1, 1, 'Complaint Description XYZ', 'The Cause of all the Roots', 'QWE Action required QWE', 0, 1, 234.56, 2) 
,('LMN098', GETDATE(), (SELECT TOP 1 Id FROM AspNetUsers WHERE UserName like 'Vincent%'), 1, 'Brent', 'ONMO567', 1, 1, (SELECT TOP 1 Id FROM AspNetUsers WHERE UserName like 'Ry%'), 0100, 1, 'FCode 111.99', 'FPart 11111', 'RPart 22222', 1, 1, 'Complaint Description XYZ', 'The Cause of all the Roots', 'QWE Action required QWE', 0, 1, 234.56, 3) 

INSERT INTO BellEquipment.dbo.Report 
(
ReportNumber, ReportDate, Customer, VinNo
)
VALUES ('CDR5678', GETDATE(), 'NASTA', 'ZENYA987') 

PRINT ''
PRINT 'INSERT INTO >> Messages'
INSERT INTO BellEquipment.dbo.Messages(Post) VALUES 
('First Post'),('Second Post'),('Go Away')

PRINT ''
PRINT 'INSERT INTO >> ReportMessages'
INSERT INTO BellEquipment.dbo.ReportMessages(ReportId, UserId, MessageId) VALUES 
((SELECT TOP 1 Id FROM Report), (SELECT TOP 1 Id FROM AspNetUsers WHERE UserName like 'Vincent%'), 1),
((SELECT TOP 1 Id FROM Report), (SELECT TOP 1 Id FROM AspNetUsers WHERE UserName like 'Ryan%'), 2),
((SELECT TOP 1 Id FROM Report), (SELECT TOP 1 Id FROM AspNetUsers WHERE UserName like 'Vincent%'), 3)

/*
PRINT ''
PRINT 'INSERT INTO >> ReportMessages'
INSERT INTO BellEquipment.dbo.Document(Extension, FileName, DocumentContent, CreatedBy) VALUES 
('image/jpeg','DarkerPixel.JPG', 'R0lGODlhAQABAIAAAAAAAAAAACH5BAAAAAAALAAAAAABAAEAAAICTAEAOw==','3a4110b4-e58d-43e0-b9f2-b488cb9099ac')

*/
